peptide	allele	gene_name	transcript_id	support_count	consensus_rank	neoepitope_class
SEFLINTY	HLA-B18:01	SPATC1L	ENST00000618495	2	0.0069809999999985	non_MDT_or_unannotated_neoepitope_candidate
SEFLINTY	HLA-B18:01	SPATC1L	ENST00000621926	2	0.0069809999999985	non_MDT_or_unannotated_neoepitope_candidate
FPHLRPVL	HLA-B08:01	OR10AC1	ENST00000645657	2	0.0073117826086979	non_MDT_or_unannotated_neoepitope_candidate
YEYYPHVY	HLA-B18:01	TRAPPC12	ENST00000618133	2	0.0121987173913211	non_MDT_or_unannotated_neoepitope_candidate
YEYYPHVY	HLA-B18:01	TRAPPC12	ENST00000628660	2	0.0121987173913211	non_MDT_or_unannotated_neoepitope_candidate
YEYYPHVY	HLA-B18:01	TRAPPC12	ENST00000631737	2	0.0121987173913211	non_MDT_or_unannotated_neoepitope_candidate
MPYTTAVI	HLA-B51:01	CYP2D6	ENST00000607853	2	0.0122340434782808	non_MDT_or_unannotated_neoepitope_candidate
MPYTTAVI	HLA-B51:01	CYP2D6	ENST00000619390	2	0.0122340434782808	non_MDT_or_unannotated_neoepitope_candidate
MPYTTAVI	HLA-B51:01	CYP2D7	ENST00000617651	2	0.0122340434782808	non_MDT_or_unannotated_neoepitope_candidate
MPYTTAVI	HLA-B51:01	CYP2D7	ENST00000616376	2	0.0122340434782808	non_MDT_or_unannotated_neoepitope_candidate
MPYTTAVI	HLA-B51:01	CYP2D7	ENST00000635668	2	0.0122340434782808	non_MDT_or_unannotated_neoepitope_candidate
MPYTTAVI	HLA-B51:01	CYP2D7	ENST00000635135	2	0.0122340434782808	non_MDT_or_unannotated_neoepitope_candidate
MPYTTAVI	HLA-B51:01		ENST00000607223	2	0.0122340434782808	non_MDT_or_unannotated_neoepitope_candidate
MPYTTAVI	HLA-B51:01		ENST00000606649	2	0.0122340434782808	non_MDT_or_unannotated_neoepitope_candidate
MPYTTAVI	HLA-B51:01	CYP2D6	ENST00000615454	2	0.0122340434782808	non_MDT_or_unannotated_neoepitope_candidate
MPYTTAVI	HLA-B51:01	CYP2D6	ENST00000612990	2	0.0122340434782808	non_MDT_or_unannotated_neoepitope_candidate
MPYTTAVI	HLA-B51:01	CYP2D6	ENST00000643124	2	0.0122340434782808	non_MDT_or_unannotated_neoepitope_candidate
MPYTTAVI	HLA-B51:01	CYP2D6	ENST00000625898	2	0.0122340434782808	non_MDT_or_unannotated_neoepitope_candidate
MPYTTAVI	HLA-B51:01	CYP2D6	ENST00000629640	2	0.0122340434782808	non_MDT_or_unannotated_neoepitope_candidate
MPYTTAVI	HLA-B51:01	CYP2D6	ENST00000647083	2	0.0122340434782808	non_MDT_or_unannotated_neoepitope_candidate
MPYTTAVI	HLA-B51:01	CYP2D6	ENST00000635028	2	0.0122340434782808	non_MDT_or_unannotated_neoepitope_candidate
MPYTTAVI	HLA-B51:01	CYP2D6	ENST00000634653	2	0.0122340434782808	non_MDT_or_unannotated_neoepitope_candidate
MPYTTAVI	HLA-B51:01	CYP2D6	ENST00000646114	2	0.0122340434782808	non_MDT_or_unannotated_neoepitope_candidate
MPYTTAVI	HLA-B51:01	CYP2D6	ENST00000636361	2	0.0122340434782808	non_MDT_or_unannotated_neoepitope_candidate
MPYTTAVI	HLA-B51:01	CYP2D6	ENST00000637987	2	0.0122340434782808	non_MDT_or_unannotated_neoepitope_candidate
MPYTTAVI	HLA-B51:01		ENST00000637440	2	0.0122340434782808	non_MDT_or_unannotated_neoepitope_candidate
MPYTTAVI	HLA-B51:01		ENST00000643363	2	0.0122340434782808	non_MDT_or_unannotated_neoepitope_candidate
DEVLSPKF	HLA-B18:01	MYT1	ENST00000613234	2	0.0182827391304375	non_MDT_or_unannotated_neoepitope_candidate
DEVLSPKF	HLA-B18:01	MYT1	ENST00000616648	2	0.0182827391304375	non_MDT_or_unannotated_neoepitope_candidate
DEVLSPKF	HLA-B18:01		ENST00000625658	2	0.0182827391304375	non_MDT_or_unannotated_neoepitope_candidate
DETLKQSF	HLA-B18:01	MROH5	ENST00000430863	2	0.0444799130434883	non_MDT_or_unannotated_neoepitope_candidate
LEKEITTY	HLA-B18:01	KRT23	ENST00000574480	2	0.051772717391321	non_MDT_or_unannotated_neoepitope_candidate
LEKEITTY	HLA-B18:01	KRT23	ENST00000571258	2	0.051772717391321	non_MDT_or_unannotated_neoepitope_candidate
FEAIHHEL	HLA-B18:01	DLG5	ENST00000614211	2	0.0581939130435	non_MDT_or_unannotated_neoepitope_candidate
HHFEGIAL	HLA-B38:01	AKR7L	ENST00000429712	2	0.0649127173913211	non_MDT_or_unannotated_neoepitope_candidate
FPHLRPVL	HLA-B07:02	OR10AC1	ENST00000645657	2	0.0932133695652228	non_MDT_or_unannotated_neoepitope_candidate
DAKKRINL	HLA-B08:01	CYFIP1	ENST00000625276	2	0.110443086956519	non_MDT_or_unannotated_neoepitope_candidate
DAKKRINL	HLA-B08:01	CYFIP1	ENST00000628954	2	0.110443086956519	non_MDT_or_unannotated_neoepitope_candidate
DAKKRINL	HLA-B08:01	CYFIP1	ENST00000671714	2	0.110443086956519	non_MDT_or_unannotated_neoepitope_candidate
DAKKRINL	HLA-B08:01	CYFIP1	ENST00000672091	2	0.110443086956519	non_MDT_or_unannotated_neoepitope_candidate
DAKKRINL	HLA-B08:01	CYFIP2	ENST00000616178	2	0.110443086956519	non_MDT_or_unannotated_neoepitope_candidate
DAKKRINL	HLA-B08:01	CYFIP2	ENST00000522463	2	0.110443086956519	non_MDT_or_unannotated_neoepitope_candidate
DAKKRINL	HLA-B08:01	CYFIP2	ENST00000435847	2	0.110443086956519	non_MDT_or_unannotated_neoepitope_candidate
DAKKRINL	HLA-B08:01	CYFIP2	ENST00000521420	2	0.110443086956519	non_MDT_or_unannotated_neoepitope_candidate
DAKKRINL	HLA-B08:01	CYFIP2	ENST00000617629	2	0.110443086956519	non_MDT_or_unannotated_neoepitope_candidate
DAKKRINL	HLA-B08:01	CYFIP2	ENST00000618329	2	0.110443086956519	non_MDT_or_unannotated_neoepitope_candidate
DEHVVCKV	HLA-B18:01	IGHM	ENST00000626472	2	0.1714794130435	non_MDT_or_unannotated_neoepitope_candidate
RELPVNTL	HLA-B40:01	SBNO2	ENST00000631948	2	0.180407608695658	non_MDT_or_unannotated_neoepitope_candidate
RELPVNTL	HLA-B40:01	SBNO2	ENST00000622719	2	0.180407608695658	non_MDT_or_unannotated_neoepitope_candidate
RELPVNTL	HLA-B40:01	SBNO2	ENST00000634172	2	0.180407608695658	non_MDT_or_unannotated_neoepitope_candidate
RELPVNTL	HLA-B40:01	SBNO2	ENST00000612198	2	0.180407608695658	non_MDT_or_unannotated_neoepitope_candidate
THDKLFQL	HLA-B38:01	SBNO2	ENST00000631948	2	0.180885739130431	non_MDT_or_unannotated_neoepitope_candidate
THDKLFQL	HLA-B38:01	SBNO2	ENST00000622719	2	0.180885739130431	non_MDT_or_unannotated_neoepitope_candidate
THDKLFQL	HLA-B38:01	SBNO2	ENST00000634172	2	0.180885739130431	non_MDT_or_unannotated_neoepitope_candidate
THDKLFQL	HLA-B38:01	SBNO2	ENST00000612198	2	0.180885739130431	non_MDT_or_unannotated_neoepitope_candidate
SEFLINTY	HLA-B44:02	SPATC1L	ENST00000618495	2	0.219858913043488	non_MDT_or_unannotated_neoepitope_candidate
SEFLINTY	HLA-B44:02	SPATC1L	ENST00000621926	2	0.219858913043488	non_MDT_or_unannotated_neoepitope_candidate
SPSQKVSL	HLA-B08:01	KCNQ2	ENST00000628732	2	0.24873345652174	non_MDT_or_unannotated_neoepitope_candidate
SPSQKVSL	HLA-B08:01	KCNQ2	ENST00000628790	2	0.24873345652174	non_MDT_or_unannotated_neoepitope_candidate
SPSQKVSL	HLA-B08:01	KCNQ2	ENST00000628544	2	0.24873345652174	non_MDT_or_unannotated_neoepitope_candidate
SPSQKVSL	HLA-B08:01	KCNQ2	ENST00000626723	2	0.24873345652174	non_MDT_or_unannotated_neoepitope_candidate
SPSQKVSL	HLA-B08:01	KCNQ2	ENST00000629641	2	0.24873345652174	non_MDT_or_unannotated_neoepitope_candidate
SPSQKVSL	HLA-B08:01	KCNQ2	ENST00000629518	2	0.24873345652174	non_MDT_or_unannotated_neoepitope_candidate
EARTREVL	HLA-B08:01	SBNO2	ENST00000631948	2	0.250403086956503	non_MDT_or_unannotated_neoepitope_candidate
EARTREVL	HLA-B08:01	SBNO2	ENST00000622719	2	0.250403086956503	non_MDT_or_unannotated_neoepitope_candidate
EARTREVL	HLA-B08:01	SBNO2	ENST00000634172	2	0.250403086956503	non_MDT_or_unannotated_neoepitope_candidate
EARTREVL	HLA-B08:01	SBNO2	ENST00000612198	2	0.250403086956503	non_MDT_or_unannotated_neoepitope_candidate
VPLSTATV	HLA-B51:01	CTDP1	ENST00000632301	2	0.267871260869557	non_MDT_or_unannotated_neoepitope_candidate
VPLSTATV	HLA-B51:01	CTDP1	ENST00000632932	2	0.267871260869557	non_MDT_or_unannotated_neoepitope_candidate
VPLSTATV	HLA-B51:01	CTDP1	ENST00000632450	2	0.267871260869557	non_MDT_or_unannotated_neoepitope_candidate
VPLSTATV	HLA-B51:01	CTDP1	ENST00000632905	2	0.267871260869557	non_MDT_or_unannotated_neoepitope_candidate
APYGRITL	HLA-B08:01	CYFIP1	ENST00000625276	2	0.269215369565223	non_MDT_or_unannotated_neoepitope_candidate
APYGRITL	HLA-B08:01	CYFIP1	ENST00000628954	2	0.269215369565223	non_MDT_or_unannotated_neoepitope_candidate
APYGRITL	HLA-B08:01	CYFIP1	ENST00000671714	2	0.269215369565223	non_MDT_or_unannotated_neoepitope_candidate
APYGRITL	HLA-B08:01	CYFIP1	ENST00000672091	2	0.269215369565223	non_MDT_or_unannotated_neoepitope_candidate
APYGRITL	HLA-B08:01	CYFIP2	ENST00000616178	2	0.269215369565223	non_MDT_or_unannotated_neoepitope_candidate
APYGRITL	HLA-B08:01	CYFIP2	ENST00000522463	2	0.269215369565223	non_MDT_or_unannotated_neoepitope_candidate
APYGRITL	HLA-B08:01	CYFIP2	ENST00000435847	2	0.269215369565223	non_MDT_or_unannotated_neoepitope_candidate
APYGRITL	HLA-B08:01	CYFIP2	ENST00000521420	2	0.269215369565223	non_MDT_or_unannotated_neoepitope_candidate
APYGRITL	HLA-B08:01	CYFIP2	ENST00000618329	2	0.269215369565223	non_MDT_or_unannotated_neoepitope_candidate
FAPNLITV	HLA-B51:01	CTDP1	ENST00000632301	2	0.282128195652163	non_MDT_or_unannotated_neoepitope_candidate
FAPNLITV	HLA-B51:01	CTDP1	ENST00000632932	2	0.282128195652163	non_MDT_or_unannotated_neoepitope_candidate
FAPNLITV	HLA-B51:01	CTDP1	ENST00000632450	2	0.282128195652163	non_MDT_or_unannotated_neoepitope_candidate
EAFEGVIV	HLA-B51:01	SBNO2	ENST00000631948	2	0.334115086956502	non_MDT_or_unannotated_neoepitope_candidate
EAFEGVIV	HLA-B51:01	SBNO2	ENST00000622719	2	0.334115086956502	non_MDT_or_unannotated_neoepitope_candidate
EAFEGVIV	HLA-B51:01	SBNO2	ENST00000634172	2	0.334115086956502	non_MDT_or_unannotated_neoepitope_candidate
EAFEGVIV	HLA-B51:01	SBNO2	ENST00000612198	2	0.334115086956502	non_MDT_or_unannotated_neoepitope_candidate
EPMLHTRL	HLA-B08:01	CTDP1	ENST00000632301	2	0.340265499999998	non_MDT_or_unannotated_neoepitope_candidate
EPMLHTRL	HLA-B08:01	CTDP1	ENST00000632932	2	0.340265499999998	non_MDT_or_unannotated_neoepitope_candidate
EPMLHTRL	HLA-B08:01	CTDP1	ENST00000632450	2	0.340265499999998	non_MDT_or_unannotated_neoepitope_candidate
YEKTVEVL	HLA-B40:01	CYFIP1	ENST00000625276	2	0.355222608695641	non_MDT_or_unannotated_neoepitope_candidate
YEKTVEVL	HLA-B40:01	CYFIP1	ENST00000628954	2	0.355222608695641	non_MDT_or_unannotated_neoepitope_candidate
YEKTVEVL	HLA-B40:01	CYFIP1	ENST00000628747	2	0.355222608695641	non_MDT_or_unannotated_neoepitope_candidate
YEKTVEVL	HLA-B40:01	CYFIP1	ENST00000630158	2	0.355222608695641	non_MDT_or_unannotated_neoepitope_candidate
YEKTVEVL	HLA-B40:01	CYFIP1	ENST00000671714	2	0.355222608695641	non_MDT_or_unannotated_neoepitope_candidate
YEKTVEVL	HLA-B40:01	CYFIP1	ENST00000672091	2	0.355222608695641	non_MDT_or_unannotated_neoepitope_candidate
YEKTVEVL	HLA-B40:01	CYFIP2	ENST00000616178	2	0.355222608695641	non_MDT_or_unannotated_neoepitope_candidate
YEKTVEVL	HLA-B40:01	CYFIP2	ENST00000435847	2	0.355222608695641	non_MDT_or_unannotated_neoepitope_candidate
YEKTVEVL	HLA-B40:01	CYFIP2	ENST00000521420	2	0.355222608695641	non_MDT_or_unannotated_neoepitope_candidate
YEKTVEVL	HLA-B40:01	CYFIP2	ENST00000617629	2	0.355222608695641	non_MDT_or_unannotated_neoepitope_candidate
YEKTVEVL	HLA-B40:01	CYFIP2	ENST00000611075	2	0.355222608695641	non_MDT_or_unannotated_neoepitope_candidate
YEKTVEVL	HLA-B40:01	CYFIP2	ENST00000611925	2	0.355222608695641	non_MDT_or_unannotated_neoepitope_candidate
YEKTVEVL	HLA-B40:01	CYFIP2	ENST00000618329	2	0.355222608695641	non_MDT_or_unannotated_neoepitope_candidate
REDLIKVL	HLA-B40:01	KRT23	ENST00000574480	2	0.359268782608683	non_MDT_or_unannotated_neoepitope_candidate
REDLIKVL	HLA-B40:01	KRT23	ENST00000571258	2	0.359268782608683	non_MDT_or_unannotated_neoepitope_candidate
MQIELARY	HLA-B15:01	CYFIP1	ENST00000625276	2	0.373661652173921	non_MDT_or_unannotated_neoepitope_candidate
MQIELARY	HLA-B15:01	CYFIP1	ENST00000628954	2	0.373661652173921	non_MDT_or_unannotated_neoepitope_candidate
MQIELARY	HLA-B15:01	CYFIP1	ENST00000671714	2	0.373661652173921	non_MDT_or_unannotated_neoepitope_candidate
MQIELARY	HLA-B15:01	CYFIP1	ENST00000672091	2	0.373661652173921	non_MDT_or_unannotated_neoepitope_candidate
MQIELARY	HLA-B15:01	CYFIP2	ENST00000616178	2	0.373661652173921	non_MDT_or_unannotated_neoepitope_candidate
MQIELARY	HLA-B15:01	CYFIP2	ENST00000522463	2	0.373661652173921	non_MDT_or_unannotated_neoepitope_candidate
MQIELARY	HLA-B15:01	CYFIP2	ENST00000435847	2	0.373661652173921	non_MDT_or_unannotated_neoepitope_candidate
MQIELARY	HLA-B15:01	CYFIP2	ENST00000521420	2	0.373661652173921	non_MDT_or_unannotated_neoepitope_candidate
MQIELARY	HLA-B15:01	CYFIP2	ENST00000618329	2	0.373661652173921	non_MDT_or_unannotated_neoepitope_candidate
NLKSKSGL	HLA-B08:01	KCNQ2	ENST00000628732	2	0.376578065217342	non_MDT_or_unannotated_neoepitope_candidate
NLKSKSGL	HLA-B08:01	KCNQ2	ENST00000629338	2	0.376578065217342	non_MDT_or_unannotated_neoepitope_candidate
NLKSKSGL	HLA-B08:01	KCNQ2	ENST00000628790	2	0.376578065217342	non_MDT_or_unannotated_neoepitope_candidate
NLKSKSGL	HLA-B08:01	KCNQ2	ENST00000628544	2	0.376578065217342	non_MDT_or_unannotated_neoepitope_candidate
NLKSKSGL	HLA-B08:01	KCNQ2	ENST00000627948	2	0.376578065217342	non_MDT_or_unannotated_neoepitope_candidate
NLKSKSGL	HLA-B08:01	KCNQ2	ENST00000627416	2	0.376578065217342	non_MDT_or_unannotated_neoepitope_candidate
NLKSKSGL	HLA-B08:01	KCNQ2	ENST00000626723	2	0.376578065217342	non_MDT_or_unannotated_neoepitope_candidate
NLKSKSGL	HLA-B08:01	KCNQ2	ENST00000629641	2	0.376578065217342	non_MDT_or_unannotated_neoepitope_candidate
NLKSKSGL	HLA-B08:01	KCNQ2	ENST00000626962	2	0.376578065217342	non_MDT_or_unannotated_neoepitope_candidate
NLKSKSGL	HLA-B08:01	KCNQ2	ENST00000629518	2	0.376578065217342	non_MDT_or_unannotated_neoepitope_candidate
LPPAAALL	HLA-B51:01	OR10AC1	ENST00000645657	2	0.395855478260838	non_MDT_or_unannotated_neoepitope_candidate
KILTRLVL	HLA-B08:01	CTDP1	ENST00000632301	2	0.408027934782608	non_MDT_or_unannotated_neoepitope_candidate
KILTRLVL	HLA-B08:01	CTDP1	ENST00000632932	2	0.408027934782608	non_MDT_or_unannotated_neoepitope_candidate
KILTRLVL	HLA-B08:01	CTDP1	ENST00000632450	2	0.408027934782608	non_MDT_or_unannotated_neoepitope_candidate
AEGVFLSL	HLA-B40:01	SBNO2	ENST00000631948	2	0.424833565217369	non_MDT_or_unannotated_neoepitope_candidate
AEGVFLSL	HLA-B40:01	SBNO2	ENST00000622719	2	0.424833565217369	non_MDT_or_unannotated_neoepitope_candidate
AEGVFLSL	HLA-B40:01	SBNO2	ENST00000634172	2	0.424833565217369	non_MDT_or_unannotated_neoepitope_candidate
AEGVFLSL	HLA-B40:01	SBNO2	ENST00000612198	2	0.424833565217369	non_MDT_or_unannotated_neoepitope_candidate
LPLARVVY	HLA-B35:01	SBNO2	ENST00000631948	2	0.426168434782597	non_MDT_or_unannotated_neoepitope_candidate
LPLARVVY	HLA-B35:01	SBNO2	ENST00000622719	2	0.426168434782597	non_MDT_or_unannotated_neoepitope_candidate
LPLARVVY	HLA-B35:01	SBNO2	ENST00000634172	2	0.426168434782597	non_MDT_or_unannotated_neoepitope_candidate
LPLARVVY	HLA-B35:01	SBNO2	ENST00000612198	2	0.426168434782597	non_MDT_or_unannotated_neoepitope_candidate
DLQNKLPL	HLA-B08:01	SBNO2	ENST00000631948	2	0.442051152173861	non_MDT_or_unannotated_neoepitope_candidate
DLQNKLPL	HLA-B08:01	SBNO2	ENST00000622719	2	0.442051152173861	non_MDT_or_unannotated_neoepitope_candidate
DLQNKLPL	HLA-B08:01	SBNO2	ENST00000634172	2	0.442051152173861	non_MDT_or_unannotated_neoepitope_candidate
DLQNKLPL	HLA-B08:01	SBNO2	ENST00000612198	2	0.442051152173861	non_MDT_or_unannotated_neoepitope_candidate
IEFSLEEW	HLA-B44:02	ZNF100	ENST00000614218	2	0.443921217391277	non_MDT_or_unannotated_neoepitope_candidate
IEFSLEEW	HLA-B44:02	ZNF100	ENST00000624841	2	0.443921217391277	non_MDT_or_unannotated_neoepitope_candidate
IEFSLEEW	HLA-B44:02	ZNF430	ENST00000619540	2	0.443921217391277	non_MDT_or_unannotated_neoepitope_candidate
IEFSLEEW	HLA-B44:02	ZNF430	ENST00000624457	2	0.443921217391277	non_MDT_or_unannotated_neoepitope_candidate
IEFSLEEW	HLA-B44:02	ZNF430	ENST00000623534	2	0.443921217391277	non_MDT_or_unannotated_neoepitope_candidate
IEFSLEEW	HLA-B44:02	ZNF430	ENST00000625163	2	0.443921217391277	non_MDT_or_unannotated_neoepitope_candidate
IEFSLEEW	HLA-B44:02	ZNF430	ENST00000627644	2	0.443921217391277	non_MDT_or_unannotated_neoepitope_candidate
IEFSLEEW	HLA-B44:02	ZNF66	ENST00000623857	2	0.443921217391277	non_MDT_or_unannotated_neoepitope_candidate
IEFSLEEW	HLA-B44:02	ZNF66	ENST00000452874	2	0.443921217391277	non_MDT_or_unannotated_neoepitope_candidate
IEFSLEEW	HLA-B44:02	ZNF676	ENST00000621741	2	0.443921217391277	non_MDT_or_unannotated_neoepitope_candidate
IEFSLEEW	HLA-B44:02	ZNF565	ENST00000392173	2	0.443921217391277	non_MDT_or_unannotated_neoepitope_candidate
IEFSLEEW	HLA-B44:02	ZNF565	ENST00000355114	2	0.443921217391277	non_MDT_or_unannotated_neoepitope_candidate
IEFSLEEW	HLA-B44:02	ZNF565	ENST00000585994	2	0.443921217391277	non_MDT_or_unannotated_neoepitope_candidate
IEFSLEEW	HLA-B44:02	ZNF737	ENST00000596797	2	0.443921217391277	non_MDT_or_unannotated_neoepitope_candidate
IEFSLEEW	HLA-B44:02	ZNF92	ENST00000357512	2	0.443921217391277	non_MDT_or_unannotated_neoepitope_candidate
IEFSLEEW	HLA-B44:02	ZNF138	ENST00000359735	2	0.443921217391277	non_MDT_or_unannotated_neoepitope_candidate
IEFSLEEW	HLA-B44:02	ZNF138	ENST00000440155	2	0.443921217391277	non_MDT_or_unannotated_neoepitope_candidate
IEFSLEEW	HLA-B44:02	ZNF138	ENST00000440598	2	0.443921217391277	non_MDT_or_unannotated_neoepitope_candidate
IEFSLEEW	HLA-B44:02	ZNF138	ENST00000437743	2	0.443921217391277	non_MDT_or_unannotated_neoepitope_candidate
EHYHATAL	HLA-B38:01	CTDP1	ENST00000632301	2	0.465090173913017	non_MDT_or_unannotated_neoepitope_candidate
EHYHATAL	HLA-B38:01	CTDP1	ENST00000632932	2	0.465090173913017	non_MDT_or_unannotated_neoepitope_candidate
EHYHATAL	HLA-B38:01	CTDP1	ENST00000632450	2	0.465090173913017	non_MDT_or_unannotated_neoepitope_candidate
YPGGVPTF	HLA-B35:01	SBNO2	ENST00000631948	2	0.472357999999988	non_MDT_or_unannotated_neoepitope_candidate
YPGGVPTF	HLA-B35:01	SBNO2	ENST00000622719	2	0.472357999999988	non_MDT_or_unannotated_neoepitope_candidate
YPGGVPTF	HLA-B35:01	SBNO2	ENST00000634172	2	0.472357999999988	non_MDT_or_unannotated_neoepitope_candidate
YPGGVPTF	HLA-B35:01	SBNO2	ENST00000612198	2	0.472357999999988	non_MDT_or_unannotated_neoepitope_candidate
IAHRLSTI	HLA-B51:01	ABCB11	ENST00000618180	2	0.472497217391269	non_MDT_or_unannotated_neoepitope_candidate
IAHRLSTI	HLA-B51:01	ABCB4	ENST00000440025	2	0.472497217391269	non_MDT_or_unannotated_neoepitope_candidate
IAHRLSTI	HLA-B51:01	ABCB4	ENST00000265723	2	0.472497217391269	non_MDT_or_unannotated_neoepitope_candidate
IAHRLSTI	HLA-B51:01	ABCB4	ENST00000359206	2	0.472497217391269	non_MDT_or_unannotated_neoepitope_candidate
IAHRLSTI	HLA-B51:01	ABCB1	ENST00000265724	2	0.472497217391269	non_MDT_or_unannotated_neoepitope_candidate
IAHRLSTI	HLA-B51:01	ABCB1	ENST00000543898	2	0.472497217391269	non_MDT_or_unannotated_neoepitope_candidate
YELHVFTF	HLA-B44:02	CTDP1	ENST00000632301	2	0.487966521739119	non_MDT_or_unannotated_neoepitope_candidate
YELHVFTF	HLA-B44:02	CTDP1	ENST00000632932	2	0.487966521739119	non_MDT_or_unannotated_neoepitope_candidate
YELHVFTF	HLA-B44:02	CTDP1	ENST00000632450	2	0.487966521739119	non_MDT_or_unannotated_neoepitope_candidate
VEYFVRIW	HLA-B44:02	KCNQ2	ENST00000629338	2	0.522861021739103	non_MDT_or_unannotated_neoepitope_candidate
VEYFVRIW	HLA-B44:02	KCNQ2	ENST00000628790	2	0.522861021739103	non_MDT_or_unannotated_neoepitope_candidate
VEYFVRIW	HLA-B44:02	KCNQ2	ENST00000628544	2	0.522861021739103	non_MDT_or_unannotated_neoepitope_candidate
VEYFVRIW	HLA-B44:02	KCNQ2	ENST00000627948	2	0.522861021739103	non_MDT_or_unannotated_neoepitope_candidate
VEYFVRIW	HLA-B44:02	KCNQ2	ENST00000627416	2	0.522861021739103	non_MDT_or_unannotated_neoepitope_candidate
VEYFVRIW	HLA-B44:02	KCNQ2	ENST00000626723	2	0.522861021739103	non_MDT_or_unannotated_neoepitope_candidate
VEYFVRIW	HLA-B44:02	KCNQ2	ENST00000629641	2	0.522861021739103	non_MDT_or_unannotated_neoepitope_candidate
VEYFVRIW	HLA-B44:02	KCNQ2	ENST00000626962	2	0.522861021739103	non_MDT_or_unannotated_neoepitope_candidate
VEYFVRIW	HLA-B44:02	KCNQ2	ENST00000629518	2	0.522861021739103	non_MDT_or_unannotated_neoepitope_candidate
VEYFVRIW	HLA-B44:02	KCNQ2	ENST00000630648	2	0.522861021739103	non_MDT_or_unannotated_neoepitope_candidate
SEGALYIL	HLA-B40:01	KCNQ2	ENST00000629338	2	0.540534195652118	non_MDT_or_unannotated_neoepitope_candidate
SEGALYIL	HLA-B40:01	KCNQ2	ENST00000628790	2	0.540534195652118	non_MDT_or_unannotated_neoepitope_candidate
SEGALYIL	HLA-B40:01	KCNQ2	ENST00000628544	2	0.540534195652118	non_MDT_or_unannotated_neoepitope_candidate
SEGALYIL	HLA-B40:01	KCNQ2	ENST00000627948	2	0.540534195652118	non_MDT_or_unannotated_neoepitope_candidate
SEGALYIL	HLA-B40:01	KCNQ2	ENST00000627416	2	0.540534195652118	non_MDT_or_unannotated_neoepitope_candidate
SEGALYIL	HLA-B40:01	KCNQ2	ENST00000626723	2	0.540534195652118	non_MDT_or_unannotated_neoepitope_candidate
SEGALYIL	HLA-B40:01	KCNQ2	ENST00000629641	2	0.540534195652118	non_MDT_or_unannotated_neoepitope_candidate
SEGALYIL	HLA-B40:01	KCNQ2	ENST00000626962	2	0.540534195652118	non_MDT_or_unannotated_neoepitope_candidate
SEGALYIL	HLA-B40:01	KCNQ2	ENST00000629518	2	0.540534195652118	non_MDT_or_unannotated_neoepitope_candidate
SEGALYIL	HLA-B40:01	KCNQ2	ENST00000630648	2	0.540534195652118	non_MDT_or_unannotated_neoepitope_candidate
VAKRLESL	HLA-B08:01	SBNO2	ENST00000631948	2	0.541050217391241	non_MDT_or_unannotated_neoepitope_candidate
VAKRLESL	HLA-B08:01	SBNO2	ENST00000622719	2	0.541050217391241	non_MDT_or_unannotated_neoepitope_candidate
VAKRLESL	HLA-B08:01	SBNO2	ENST00000634172	2	0.541050217391241	non_MDT_or_unannotated_neoepitope_candidate
VAKRLESL	HLA-B08:01	SBNO2	ENST00000612198	2	0.541050217391241	non_MDT_or_unannotated_neoepitope_candidate
LYMVRTML	HLA-B08:01	CYFIP1	ENST00000625276	2	0.553033782608643	non_MDT_or_unannotated_neoepitope_candidate
LYMVRTML	HLA-B08:01	CYFIP1	ENST00000628954	2	0.553033782608643	non_MDT_or_unannotated_neoepitope_candidate
LYMVRTML	HLA-B08:01	CYFIP1	ENST00000671714	2	0.553033782608643	non_MDT_or_unannotated_neoepitope_candidate
LYMVRTML	HLA-B08:01	CYFIP1	ENST00000672091	2	0.553033782608643	non_MDT_or_unannotated_neoepitope_candidate
LYMVRTML	HLA-B08:01	CYFIP2	ENST00000616178	2	0.553033782608643	non_MDT_or_unannotated_neoepitope_candidate
LYMVRTML	HLA-B08:01	CYFIP2	ENST00000522463	2	0.553033782608643	non_MDT_or_unannotated_neoepitope_candidate
LYMVRTML	HLA-B08:01	CYFIP2	ENST00000435847	2	0.553033782608643	non_MDT_or_unannotated_neoepitope_candidate
LYMVRTML	HLA-B08:01	CYFIP2	ENST00000521420	2	0.553033782608643	non_MDT_or_unannotated_neoepitope_candidate
LYMVRTML	HLA-B08:01	CYFIP2	ENST00000618329	2	0.553033782608643	non_MDT_or_unannotated_neoepitope_candidate
LYMVRTML	HLA-B08:01	CYFIP2	ENST00000520960	2	0.553033782608643	non_MDT_or_unannotated_neoepitope_candidate
YELHVFTF	HLA-B40:01	CTDP1	ENST00000632301	2	0.564356369565199	non_MDT_or_unannotated_neoepitope_candidate
YELHVFTF	HLA-B40:01	CTDP1	ENST00000632932	2	0.564356369565199	non_MDT_or_unannotated_neoepitope_candidate
YELHVFTF	HLA-B40:01	CTDP1	ENST00000632450	2	0.564356369565199	non_MDT_or_unannotated_neoepitope_candidate
CVYNRAAL	HLA-B08:01	SBNO2	ENST00000631948	2	0.629017130434699	non_MDT_or_unannotated_neoepitope_candidate
CVYNRAAL	HLA-B08:01	SBNO2	ENST00000622719	2	0.629017130434699	non_MDT_or_unannotated_neoepitope_candidate
CVYNRAAL	HLA-B08:01	SBNO2	ENST00000634172	2	0.629017130434699	non_MDT_or_unannotated_neoepitope_candidate
CVYNRAAL	HLA-B08:01	SBNO2	ENST00000612198	2	0.629017130434699	non_MDT_or_unannotated_neoepitope_candidate
NQRRRVHM	HLA-B08:01	SBNO2	ENST00000631948	2	0.644507565217338	non_MDT_or_unannotated_neoepitope_candidate
NQRRRVHM	HLA-B08:01	SBNO2	ENST00000622719	2	0.644507565217338	non_MDT_or_unannotated_neoepitope_candidate
NQRRRVHM	HLA-B08:01	SBNO2	ENST00000634172	2	0.644507565217338	non_MDT_or_unannotated_neoepitope_candidate
NQRRRVHM	HLA-B08:01	SBNO2	ENST00000612198	2	0.644507565217338	non_MDT_or_unannotated_neoepitope_candidate
TPSEKHML	HLA-B08:01	CYFIP1	ENST00000625276	2	0.645561086956502	non_MDT_or_unannotated_neoepitope_candidate
TPSEKHML	HLA-B08:01	CYFIP1	ENST00000628954	2	0.645561086956502	non_MDT_or_unannotated_neoepitope_candidate
TPSEKHML	HLA-B08:01	CYFIP1	ENST00000671714	2	0.645561086956502	non_MDT_or_unannotated_neoepitope_candidate
TPSEKHML	HLA-B08:01	CYFIP1	ENST00000672091	2	0.645561086956502	non_MDT_or_unannotated_neoepitope_candidate
TPSEKHML	HLA-B08:01	CYFIP2	ENST00000616178	2	0.645561086956502	non_MDT_or_unannotated_neoepitope_candidate
TPSEKHML	HLA-B08:01	CYFIP2	ENST00000521420	2	0.645561086956502	non_MDT_or_unannotated_neoepitope_candidate
TPSEKHML	HLA-B08:01	CYFIP2	ENST00000617629	2	0.645561086956502	non_MDT_or_unannotated_neoepitope_candidate
TPSEKHML	HLA-B08:01	CYFIP2	ENST00000618329	2	0.645561086956502	non_MDT_or_unannotated_neoepitope_candidate
SHSTPLLV	HLA-B38:01	SBNO2	ENST00000631948	2	0.670878608695637	non_MDT_or_unannotated_neoepitope_candidate
SHSTPLLV	HLA-B38:01	SBNO2	ENST00000622719	2	0.670878608695637	non_MDT_or_unannotated_neoepitope_candidate
SHSTPLLV	HLA-B38:01	SBNO2	ENST00000634172	2	0.670878608695637	non_MDT_or_unannotated_neoepitope_candidate
SHSTPLLV	HLA-B38:01	SBNO2	ENST00000612198	2	0.670878608695637	non_MDT_or_unannotated_neoepitope_candidate
FRDVAIEF	HLA-B38:01	ZNF100	ENST00000614218	2	0.689875565217351	non_MDT_or_unannotated_neoepitope_candidate
FRDVAIEF	HLA-B38:01	ZNF100	ENST00000624841	2	0.689875565217351	non_MDT_or_unannotated_neoepitope_candidate
FRDVAIEF	HLA-B38:01	ZNF430	ENST00000619540	2	0.689875565217351	non_MDT_or_unannotated_neoepitope_candidate
FRDVAIEF	HLA-B38:01	ZNF430	ENST00000624457	2	0.689875565217351	non_MDT_or_unannotated_neoepitope_candidate
FRDVAIEF	HLA-B38:01	ZNF430	ENST00000623534	2	0.689875565217351	non_MDT_or_unannotated_neoepitope_candidate
FRDVAIEF	HLA-B38:01	ZNF430	ENST00000625163	2	0.689875565217351	non_MDT_or_unannotated_neoepitope_candidate
FRDVAIEF	HLA-B38:01	ZNF430	ENST00000627644	2	0.689875565217351	non_MDT_or_unannotated_neoepitope_candidate
FRDVAIEF	HLA-B38:01	ZNF85	ENST00000623898	2	0.689875565217351	non_MDT_or_unannotated_neoepitope_candidate
FRDVAIEF	HLA-B38:01	ZNF85	ENST00000625004	2	0.689875565217351	non_MDT_or_unannotated_neoepitope_candidate
FRDVAIEF	HLA-B38:01	ZNF85	ENST00000615882	2	0.689875565217351	non_MDT_or_unannotated_neoepitope_candidate
FRDVAIEF	HLA-B38:01	ZNF85	ENST00000624588	2	0.689875565217351	non_MDT_or_unannotated_neoepitope_candidate
FRDVAIEF	HLA-B38:01	ZNF85	ENST00000624369	2	0.689875565217351	non_MDT_or_unannotated_neoepitope_candidate
FRDVAIEF	HLA-B38:01	ZNF85	ENST00000615320	2	0.689875565217351	non_MDT_or_unannotated_neoepitope_candidate
FRDVAIEF	HLA-B38:01	ZNF85	ENST00000613159	2	0.689875565217351	non_MDT_or_unannotated_neoepitope_candidate
FRDVAIEF	HLA-B38:01	ZNF66	ENST00000623857	2	0.689875565217351	non_MDT_or_unannotated_neoepitope_candidate
FRDVAIEF	HLA-B38:01	ZNF66	ENST00000452874	2	0.689875565217351	non_MDT_or_unannotated_neoepitope_candidate
FRDVAIEF	HLA-B38:01	ZNF676	ENST00000621741	2	0.689875565217351	non_MDT_or_unannotated_neoepitope_candidate
FRDVAIEF	HLA-B38:01	ZNF595	ENST00000609518	2	0.689875565217351	non_MDT_or_unannotated_neoepitope_candidate
FRDVAIEF	HLA-B38:01	ZNF565	ENST00000392173	2	0.689875565217351	non_MDT_or_unannotated_neoepitope_candidate
FRDVAIEF	HLA-B38:01	ZNF565	ENST00000355114	2	0.689875565217351	non_MDT_or_unannotated_neoepitope_candidate
FRDVAIEF	HLA-B38:01	ZNF565	ENST00000585994	2	0.689875565217351	non_MDT_or_unannotated_neoepitope_candidate
FRDVAIEF	HLA-B38:01	ZNF737	ENST00000596797	2	0.689875565217351	non_MDT_or_unannotated_neoepitope_candidate
FRDVAIEF	HLA-B38:01	ZNF766	ENST00000601711	2	0.689875565217351	non_MDT_or_unannotated_neoepitope_candidate
FRDVAIEF	HLA-B38:01	ZNF766	ENST00000600821	2	0.689875565217351	non_MDT_or_unannotated_neoepitope_candidate
FRDVAIEF	HLA-B38:01	ZNF480	ENST00000468240	2	0.689875565217351	non_MDT_or_unannotated_neoepitope_candidate
FRDVAIEF	HLA-B38:01	ZNF480	ENST00000334564	2	0.689875565217351	non_MDT_or_unannotated_neoepitope_candidate
FRDVAIEF	HLA-B38:01	ZNF880	ENST00000424032	2	0.689875565217351	non_MDT_or_unannotated_neoepitope_candidate
FRDVAIEF	HLA-B38:01	ZNF578	ENST00000601120	2	0.689875565217351	non_MDT_or_unannotated_neoepitope_candidate
FRDVAIEF	HLA-B38:01	ZNF808	ENST00000465448	2	0.689875565217351	non_MDT_or_unannotated_neoepitope_candidate
FRDVAIEF	HLA-B38:01	ZNF808	ENST00000359798	2	0.689875565217351	non_MDT_or_unannotated_neoepitope_candidate
FRDVAIEF	HLA-B38:01	ZNF808	ENST00000461779	2	0.689875565217351	non_MDT_or_unannotated_neoepitope_candidate
FRDVAIEF	HLA-B38:01	ZNF808	ENST00000461321	2	0.689875565217351	non_MDT_or_unannotated_neoepitope_candidate
FRDVAIEF	HLA-B38:01	ZNF611	ENST00000595001	2	0.689875565217351	non_MDT_or_unannotated_neoepitope_candidate
FRDVAIEF	HLA-B38:01	ZNF611	ENST00000543227	2	0.689875565217351	non_MDT_or_unannotated_neoepitope_candidate
FRDVAIEF	HLA-B38:01	ZNF611	ENST00000319783	2	0.689875565217351	non_MDT_or_unannotated_neoepitope_candidate
FRDVAIEF	HLA-B38:01	ZNF611	ENST00000601249	2	0.689875565217351	non_MDT_or_unannotated_neoepitope_candidate
FRDVAIEF	HLA-B38:01	ZNF611	ENST00000598639	2	0.689875565217351	non_MDT_or_unannotated_neoepitope_candidate
FRDVAIEF	HLA-B38:01	ZNF611	ENST00000597343	2	0.689875565217351	non_MDT_or_unannotated_neoepitope_candidate
FRDVAIEF	HLA-B38:01	ZNF611	ENST00000598723	2	0.689875565217351	non_MDT_or_unannotated_neoepitope_candidate
FRDVAIEF	HLA-B38:01	ZNF611	ENST00000640952	2	0.689875565217351	non_MDT_or_unannotated_neoepitope_candidate
FRDVAIEF	HLA-B38:01	ZNF28	ENST00000594602	2	0.689875565217351	non_MDT_or_unannotated_neoepitope_candidate
VHSVPELM	HLA-B38:01	CTDP1	ENST00000632301	2	0.691920326086889	non_MDT_or_unannotated_neoepitope_candidate
VHSVPELM	HLA-B38:01	CTDP1	ENST00000632932	2	0.691920326086889	non_MDT_or_unannotated_neoepitope_candidate
VHSVPELM	HLA-B38:01	CTDP1	ENST00000632450	2	0.691920326086889	non_MDT_or_unannotated_neoepitope_candidate
VHSVPELM	HLA-B38:01	CTDP1	ENST00000632905	2	0.691920326086889	non_MDT_or_unannotated_neoepitope_candidate
EAPDIRKI	HLA-B51:01	CTDP1	ENST00000632301	2	0.702830847826077	non_MDT_or_unannotated_neoepitope_candidate
EAPDIRKI	HLA-B51:01	CTDP1	ENST00000632932	2	0.702830847826077	non_MDT_or_unannotated_neoepitope_candidate
EAPDIRKI	HLA-B51:01	CTDP1	ENST00000632450	2	0.702830847826077	non_MDT_or_unannotated_neoepitope_candidate
LAATFTLI	HLA-B51:01	KCNQ2	ENST00000628732	2	0.728045804347783	non_MDT_or_unannotated_neoepitope_candidate
LAATFTLI	HLA-B51:01	KCNQ2	ENST00000629338	2	0.728045804347783	non_MDT_or_unannotated_neoepitope_candidate
LAATFTLI	HLA-B51:01	KCNQ2	ENST00000628790	2	0.728045804347783	non_MDT_or_unannotated_neoepitope_candidate
LAATFTLI	HLA-B51:01	KCNQ2	ENST00000628544	2	0.728045804347783	non_MDT_or_unannotated_neoepitope_candidate
LAATFTLI	HLA-B51:01	KCNQ2	ENST00000627948	2	0.728045804347783	non_MDT_or_unannotated_neoepitope_candidate
LAATFTLI	HLA-B51:01	KCNQ2	ENST00000627416	2	0.728045804347783	non_MDT_or_unannotated_neoepitope_candidate
LAATFTLI	HLA-B51:01	KCNQ2	ENST00000626723	2	0.728045804347783	non_MDT_or_unannotated_neoepitope_candidate
LAATFTLI	HLA-B51:01	KCNQ2	ENST00000629641	2	0.728045804347783	non_MDT_or_unannotated_neoepitope_candidate
LAATFTLI	HLA-B51:01	KCNQ2	ENST00000626962	2	0.728045804347783	non_MDT_or_unannotated_neoepitope_candidate
LAATFTLI	HLA-B51:01	KCNQ2	ENST00000629518	2	0.728045804347783	non_MDT_or_unannotated_neoepitope_candidate
LAATFTLI	HLA-B51:01	KCNQ2	ENST00000630648	2	0.728045804347783	non_MDT_or_unannotated_neoepitope_candidate
AEEAKEPW	HLA-B44:02	SBNO2	ENST00000631948	2	0.731554260869497	non_MDT_or_unannotated_neoepitope_candidate
AEEAKEPW	HLA-B44:02	SBNO2	ENST00000622719	2	0.731554260869497	non_MDT_or_unannotated_neoepitope_candidate
AEEAKEPW	HLA-B44:02	SBNO2	ENST00000634172	2	0.731554260869497	non_MDT_or_unannotated_neoepitope_candidate
AEEAKEPW	HLA-B44:02	SBNO2	ENST00000612198	2	0.731554260869497	non_MDT_or_unannotated_neoepitope_candidate
RRRVHMTL	HLA-B27:05	SBNO2	ENST00000631948	2	0.733016195652101	non_MDT_or_unannotated_neoepitope_candidate
RRRVHMTL	HLA-B27:05	SBNO2	ENST00000622719	2	0.733016195652101	non_MDT_or_unannotated_neoepitope_candidate
RRRVHMTL	HLA-B27:05	SBNO2	ENST00000634172	2	0.733016195652101	non_MDT_or_unannotated_neoepitope_candidate
RRRVHMTL	HLA-B27:05	SBNO2	ENST00000612198	2	0.733016195652101	non_MDT_or_unannotated_neoepitope_candidate
RRLVELAR	HLA-B27:05	SBNO2	ENST00000631948	2	0.769490086956463	non_MDT_or_unannotated_neoepitope_candidate
RRLVELAR	HLA-B27:05	SBNO2	ENST00000622719	2	0.769490086956463	non_MDT_or_unannotated_neoepitope_candidate
RRLVELAR	HLA-B27:05	SBNO2	ENST00000634172	2	0.769490086956463	non_MDT_or_unannotated_neoepitope_candidate
RRLVELAR	HLA-B27:05	SBNO2	ENST00000612198	2	0.769490086956463	non_MDT_or_unannotated_neoepitope_candidate
LESRKSLW	HLA-B44:02	SBNO2	ENST00000631948	2	0.772033413043423	non_MDT_or_unannotated_neoepitope_candidate
LESRKSLW	HLA-B44:02	SBNO2	ENST00000622719	2	0.772033413043423	non_MDT_or_unannotated_neoepitope_candidate
LESRKSLW	HLA-B44:02	SBNO2	ENST00000634172	2	0.772033413043423	non_MDT_or_unannotated_neoepitope_candidate
LESRKSLW	HLA-B44:02	SBNO2	ENST00000612198	2	0.772033413043423	non_MDT_or_unannotated_neoepitope_candidate
VELAREEL	HLA-B40:01	SBNO2	ENST00000631948	2	0.783401021739103	non_MDT_or_unannotated_neoepitope_candidate
VELAREEL	HLA-B40:01	SBNO2	ENST00000622719	2	0.783401021739103	non_MDT_or_unannotated_neoepitope_candidate
VELAREEL	HLA-B40:01	SBNO2	ENST00000634172	2	0.783401021739103	non_MDT_or_unannotated_neoepitope_candidate
VELAREEL	HLA-B40:01	SBNO2	ENST00000612198	2	0.783401021739103	non_MDT_or_unannotated_neoepitope_candidate
RRGGTWKL	HLA-B27:05	KCNQ2	ENST00000629338	2	0.789881478260821	non_MDT_or_unannotated_neoepitope_candidate
RRGGTWKL	HLA-B27:05	KCNQ2	ENST00000628790	2	0.789881478260821	non_MDT_or_unannotated_neoepitope_candidate
RRGGTWKL	HLA-B27:05	KCNQ2	ENST00000628544	2	0.789881478260821	non_MDT_or_unannotated_neoepitope_candidate
RRGGTWKL	HLA-B27:05	KCNQ2	ENST00000627948	2	0.789881478260821	non_MDT_or_unannotated_neoepitope_candidate
RRGGTWKL	HLA-B27:05	KCNQ2	ENST00000627416	2	0.789881478260821	non_MDT_or_unannotated_neoepitope_candidate
RRGGTWKL	HLA-B27:05	KCNQ2	ENST00000626723	2	0.789881478260821	non_MDT_or_unannotated_neoepitope_candidate
RRGGTWKL	HLA-B27:05	KCNQ2	ENST00000629641	2	0.789881478260821	non_MDT_or_unannotated_neoepitope_candidate
RRGGTWKL	HLA-B27:05	KCNQ2	ENST00000626962	2	0.789881478260821	non_MDT_or_unannotated_neoepitope_candidate
RRGGTWKL	HLA-B27:05	KCNQ2	ENST00000629518	2	0.789881478260821	non_MDT_or_unannotated_neoepitope_candidate
RRGGTWKL	HLA-B27:05	KCNQ2	ENST00000630648	2	0.789881478260821	non_MDT_or_unannotated_neoepitope_candidate
RRGGTWKL	HLA-B27:05	KCNQ2	ENST00000625248	2	0.789881478260821	non_MDT_or_unannotated_neoepitope_candidate
RRGGTWKL	HLA-B27:05	KCNQ3	ENST00000639496	2	0.789881478260821	non_MDT_or_unannotated_neoepitope_candidate
RRGGTWKL	HLA-B27:05	KCNQ3	ENST00000521134	2	0.789881478260821	non_MDT_or_unannotated_neoepitope_candidate
RRGGTWKL	HLA-B27:05	KCNQ3	ENST00000519445	2	0.789881478260821	non_MDT_or_unannotated_neoepitope_candidate
RRGGTWKL	HLA-B27:05	KCNQ3	ENST00000638588	2	0.789881478260821	non_MDT_or_unannotated_neoepitope_candidate
FALPAGIL	HLA-B51:01	KCNQ2	ENST00000628732	2	0.798600304347779	non_MDT_or_unannotated_neoepitope_candidate
FALPAGIL	HLA-B51:01	KCNQ2	ENST00000629338	2	0.798600304347779	non_MDT_or_unannotated_neoepitope_candidate
FALPAGIL	HLA-B51:01	KCNQ2	ENST00000628790	2	0.798600304347779	non_MDT_or_unannotated_neoepitope_candidate
FALPAGIL	HLA-B51:01	KCNQ2	ENST00000628544	2	0.798600304347779	non_MDT_or_unannotated_neoepitope_candidate
FALPAGIL	HLA-B51:01	KCNQ2	ENST00000627948	2	0.798600304347779	non_MDT_or_unannotated_neoepitope_candidate
FALPAGIL	HLA-B51:01	KCNQ2	ENST00000627416	2	0.798600304347779	non_MDT_or_unannotated_neoepitope_candidate
FALPAGIL	HLA-B51:01	KCNQ2	ENST00000626723	2	0.798600304347779	non_MDT_or_unannotated_neoepitope_candidate
FALPAGIL	HLA-B51:01	KCNQ2	ENST00000629641	2	0.798600304347779	non_MDT_or_unannotated_neoepitope_candidate
FALPAGIL	HLA-B51:01	KCNQ2	ENST00000626962	2	0.798600304347779	non_MDT_or_unannotated_neoepitope_candidate
FALPAGIL	HLA-B51:01	KCNQ2	ENST00000629518	2	0.798600304347779	non_MDT_or_unannotated_neoepitope_candidate
FALPAGIL	HLA-B51:01	KCNQ2	ENST00000630648	2	0.798600304347779	non_MDT_or_unannotated_neoepitope_candidate
FALPAGIL	HLA-B51:01	KCNQ3	ENST00000639496	2	0.798600304347779	non_MDT_or_unannotated_neoepitope_candidate
FALPAGIL	HLA-B51:01	KCNQ3	ENST00000521134	2	0.798600304347779	non_MDT_or_unannotated_neoepitope_candidate
FALPAGIL	HLA-B51:01	KCNQ3	ENST00000519445	2	0.798600304347779	non_MDT_or_unannotated_neoepitope_candidate
FALPAGIL	HLA-B51:01	KCNQ3	ENST00000638588	2	0.798600304347779	non_MDT_or_unannotated_neoepitope_candidate
VAPGAVLV	HLA-B51:01	CTDP1	ENST00000632301	2	0.807034391304342	non_MDT_or_unannotated_neoepitope_candidate
VAPGAVLV	HLA-B51:01	CTDP1	ENST00000632932	2	0.807034391304342	non_MDT_or_unannotated_neoepitope_candidate
VAPGAVLV	HLA-B51:01	CTDP1	ENST00000632450	2	0.807034391304342	non_MDT_or_unannotated_neoepitope_candidate
RTRLRQIL	HLA-B08:01	SBNO2	ENST00000631948	2	0.841634543478191	non_MDT_or_unannotated_neoepitope_candidate
RTRLRQIL	HLA-B08:01	SBNO2	ENST00000622719	2	0.841634543478191	non_MDT_or_unannotated_neoepitope_candidate
RTRLRQIL	HLA-B08:01	SBNO2	ENST00000634172	2	0.841634543478191	non_MDT_or_unannotated_neoepitope_candidate
RTRLRQIL	HLA-B08:01	SBNO2	ENST00000612198	2	0.841634543478191	non_MDT_or_unannotated_neoepitope_candidate
LEDMLRSL	HLA-B40:01	SBNO2	ENST00000631948	2	0.842085978260808	non_MDT_or_unannotated_neoepitope_candidate
LEDMLRSL	HLA-B40:01	SBNO2	ENST00000622719	2	0.842085978260808	non_MDT_or_unannotated_neoepitope_candidate
LEDMLRSL	HLA-B40:01	SBNO2	ENST00000634172	2	0.842085978260808	non_MDT_or_unannotated_neoepitope_candidate
LEDMLRSL	HLA-B40:01	SBNO2	ENST00000612198	2	0.842085978260808	non_MDT_or_unannotated_neoepitope_candidate
APYGRITL	HLA-B51:01	CYFIP1	ENST00000625276	2	0.856782956521729	non_MDT_or_unannotated_neoepitope_candidate
APYGRITL	HLA-B51:01	CYFIP1	ENST00000628954	2	0.856782956521729	non_MDT_or_unannotated_neoepitope_candidate
APYGRITL	HLA-B51:01	CYFIP1	ENST00000671714	2	0.856782956521729	non_MDT_or_unannotated_neoepitope_candidate
APYGRITL	HLA-B51:01	CYFIP1	ENST00000672091	2	0.856782956521729	non_MDT_or_unannotated_neoepitope_candidate
APYGRITL	HLA-B51:01	CYFIP2	ENST00000616178	2	0.856782956521729	non_MDT_or_unannotated_neoepitope_candidate
APYGRITL	HLA-B51:01	CYFIP2	ENST00000522463	2	0.856782956521729	non_MDT_or_unannotated_neoepitope_candidate
APYGRITL	HLA-B51:01	CYFIP2	ENST00000435847	2	0.856782956521729	non_MDT_or_unannotated_neoepitope_candidate
APYGRITL	HLA-B51:01	CYFIP2	ENST00000521420	2	0.856782956521729	non_MDT_or_unannotated_neoepitope_candidate
APYGRITL	HLA-B51:01	CYFIP2	ENST00000618329	2	0.856782956521729	non_MDT_or_unannotated_neoepitope_candidate
RLRHHYML	HLA-B08:01	SBNO2	ENST00000631948	2	0.871921695652129	non_MDT_or_unannotated_neoepitope_candidate
RLRHHYML	HLA-B08:01	SBNO2	ENST00000622719	2	0.871921695652129	non_MDT_or_unannotated_neoepitope_candidate
RLRHHYML	HLA-B08:01	SBNO2	ENST00000634172	2	0.871921695652129	non_MDT_or_unannotated_neoepitope_candidate
RLRHHYML	HLA-B08:01	SBNO2	ENST00000612198	2	0.871921695652129	non_MDT_or_unannotated_neoepitope_candidate
RENSPAAF	HLA-B44:02	CTDP1	ENST00000632301	2	0.875300630434718	non_MDT_or_unannotated_neoepitope_candidate
RENSPAAF	HLA-B44:02	CTDP1	ENST00000632932	2	0.875300630434718	non_MDT_or_unannotated_neoepitope_candidate
RENSPAAF	HLA-B44:02	CTDP1	ENST00000632450	2	0.875300630434718	non_MDT_or_unannotated_neoepitope_candidate
RRVLQELR	HLA-B27:05	SBNO2	ENST00000631948	2	0.876503326086902	non_MDT_or_unannotated_neoepitope_candidate
RRVLQELR	HLA-B27:05	SBNO2	ENST00000622719	2	0.876503326086902	non_MDT_or_unannotated_neoepitope_candidate
RRVLQELR	HLA-B27:05	SBNO2	ENST00000634172	2	0.876503326086902	non_MDT_or_unannotated_neoepitope_candidate
RRVLQELR	HLA-B27:05	SBNO2	ENST00000612198	2	0.876503326086902	non_MDT_or_unannotated_neoepitope_candidate
KELVTAWY	HLA-B44:02	KCNQ2	ENST00000629338	2	0.878340891304269	non_MDT_or_unannotated_neoepitope_candidate
KELVTAWY	HLA-B44:02	KCNQ2	ENST00000628790	2	0.878340891304269	non_MDT_or_unannotated_neoepitope_candidate
KELVTAWY	HLA-B44:02	KCNQ2	ENST00000628544	2	0.878340891304269	non_MDT_or_unannotated_neoepitope_candidate
KELVTAWY	HLA-B44:02	KCNQ2	ENST00000627948	2	0.878340891304269	non_MDT_or_unannotated_neoepitope_candidate
KELVTAWY	HLA-B44:02	KCNQ2	ENST00000627416	2	0.878340891304269	non_MDT_or_unannotated_neoepitope_candidate
KELVTAWY	HLA-B44:02	KCNQ2	ENST00000626723	2	0.878340891304269	non_MDT_or_unannotated_neoepitope_candidate
KELVTAWY	HLA-B44:02	KCNQ2	ENST00000629641	2	0.878340891304269	non_MDT_or_unannotated_neoepitope_candidate
KELVTAWY	HLA-B44:02	KCNQ2	ENST00000626962	2	0.878340891304269	non_MDT_or_unannotated_neoepitope_candidate
KELVTAWY	HLA-B44:02	KCNQ2	ENST00000629518	2	0.878340891304269	non_MDT_or_unannotated_neoepitope_candidate
KELVTAWY	HLA-B44:02	KCNQ2	ENST00000630648	2	0.878340891304269	non_MDT_or_unannotated_neoepitope_candidate
KELVTAWY	HLA-B44:02	KCNQ2	ENST00000625248	2	0.878340891304269	non_MDT_or_unannotated_neoepitope_candidate
EGCVRRVL	HLA-B08:01	SBNO2	ENST00000631948	2	0.883195173913037	non_MDT_or_unannotated_neoepitope_candidate
EGCVRRVL	HLA-B08:01	SBNO2	ENST00000622719	2	0.883195173913037	non_MDT_or_unannotated_neoepitope_candidate
EGCVRRVL	HLA-B08:01	SBNO2	ENST00000634172	2	0.883195173913037	non_MDT_or_unannotated_neoepitope_candidate
EGCVRRVL	HLA-B08:01	SBNO2	ENST00000612198	2	0.883195173913037	non_MDT_or_unannotated_neoepitope_candidate
FLYDEIEA	HLA-A02:01	CYFIP1	ENST00000625276	2	0.892722065217342	non_MDT_or_unannotated_neoepitope_candidate
FLYDEIEA	HLA-A02:01	CYFIP1	ENST00000628954	2	0.892722065217342	non_MDT_or_unannotated_neoepitope_candidate
FLYDEIEA	HLA-A02:01	CYFIP1	ENST00000671714	2	0.892722065217342	non_MDT_or_unannotated_neoepitope_candidate
FLYDEIEA	HLA-A02:01	CYFIP1	ENST00000672091	2	0.892722065217342	non_MDT_or_unannotated_neoepitope_candidate
FLYDEIEA	HLA-A02:01	CYFIP2	ENST00000616178	2	0.892722065217342	non_MDT_or_unannotated_neoepitope_candidate
FLYDEIEA	HLA-A02:01	CYFIP2	ENST00000522463	2	0.892722065217342	non_MDT_or_unannotated_neoepitope_candidate
FLYDEIEA	HLA-A02:01	CYFIP2	ENST00000435847	2	0.892722065217342	non_MDT_or_unannotated_neoepitope_candidate
FLYDEIEA	HLA-A02:01	CYFIP2	ENST00000521420	2	0.892722065217342	non_MDT_or_unannotated_neoepitope_candidate
FLYDEIEA	HLA-A02:01	CYFIP2	ENST00000618329	2	0.892722065217342	non_MDT_or_unannotated_neoepitope_candidate
AEGVFLSL	HLA-B44:02	SBNO2	ENST00000631948	2	0.909718586956439	non_MDT_or_unannotated_neoepitope_candidate
AEGVFLSL	HLA-B44:02	SBNO2	ENST00000622719	2	0.909718586956439	non_MDT_or_unannotated_neoepitope_candidate
AEGVFLSL	HLA-B44:02	SBNO2	ENST00000634172	2	0.909718586956439	non_MDT_or_unannotated_neoepitope_candidate
AEGVFLSL	HLA-B44:02	SBNO2	ENST00000612198	2	0.909718586956439	non_MDT_or_unannotated_neoepitope_candidate
MIKGLQVL	HLA-B08:01	CYFIP1	ENST00000625276	2	0.911661565217349	non_MDT_or_unannotated_neoepitope_candidate
MIKGLQVL	HLA-B08:01	CYFIP1	ENST00000628954	2	0.911661565217349	non_MDT_or_unannotated_neoepitope_candidate
MIKGLQVL	HLA-B08:01	CYFIP1	ENST00000626546	2	0.911661565217349	non_MDT_or_unannotated_neoepitope_candidate
MIKGLQVL	HLA-B08:01	CYFIP1	ENST00000671714	2	0.911661565217349	non_MDT_or_unannotated_neoepitope_candidate
MIKGLQVL	HLA-B08:01	CYFIP1	ENST00000672091	2	0.911661565217349	non_MDT_or_unannotated_neoepitope_candidate
MIKGLQVL	HLA-B08:01	CYFIP2	ENST00000616178	2	0.911661565217349	non_MDT_or_unannotated_neoepitope_candidate
MIKGLQVL	HLA-B08:01	CYFIP2	ENST00000522463	2	0.911661565217349	non_MDT_or_unannotated_neoepitope_candidate
MIKGLQVL	HLA-B08:01	CYFIP2	ENST00000435847	2	0.911661565217349	non_MDT_or_unannotated_neoepitope_candidate
MIKGLQVL	HLA-B08:01	CYFIP2	ENST00000521420	2	0.911661565217349	non_MDT_or_unannotated_neoepitope_candidate
MIKGLQVL	HLA-B08:01	CYFIP2	ENST00000618329	2	0.911661565217349	non_MDT_or_unannotated_neoepitope_candidate
HRNRKLVL	HLA-B08:01	CTDP1	ENST00000632301	2	0.912933217391263	non_MDT_or_unannotated_neoepitope_candidate
HRNRKLVL	HLA-B08:01	CTDP1	ENST00000632932	2	0.912933217391263	non_MDT_or_unannotated_neoepitope_candidate
HRNRKLVL	HLA-B08:01	CTDP1	ENST00000632450	2	0.912933217391263	non_MDT_or_unannotated_neoepitope_candidate
HRNRKLVL	HLA-B08:01	CTDP1	ENST00000632905	2	0.912933217391263	non_MDT_or_unannotated_neoepitope_candidate
RRNPAAGL	HLA-B27:05	KCNQ2	ENST00000628732	2	0.915756739130368	non_MDT_or_unannotated_neoepitope_candidate
RRNPAAGL	HLA-B27:05	KCNQ2	ENST00000629338	2	0.915756739130368	non_MDT_or_unannotated_neoepitope_candidate
RRNPAAGL	HLA-B27:05	KCNQ2	ENST00000628790	2	0.915756739130368	non_MDT_or_unannotated_neoepitope_candidate
RRNPAAGL	HLA-B27:05	KCNQ2	ENST00000628544	2	0.915756739130368	non_MDT_or_unannotated_neoepitope_candidate
RRNPAAGL	HLA-B27:05	KCNQ2	ENST00000627948	2	0.915756739130368	non_MDT_or_unannotated_neoepitope_candidate
RRNPAAGL	HLA-B27:05	KCNQ2	ENST00000627416	2	0.915756739130368	non_MDT_or_unannotated_neoepitope_candidate
RRNPAAGL	HLA-B27:05	KCNQ2	ENST00000626723	2	0.915756739130368	non_MDT_or_unannotated_neoepitope_candidate
RRNPAAGL	HLA-B27:05	KCNQ2	ENST00000629641	2	0.915756739130368	non_MDT_or_unannotated_neoepitope_candidate
RRNPAAGL	HLA-B27:05	KCNQ2	ENST00000626962	2	0.915756739130368	non_MDT_or_unannotated_neoepitope_candidate
RRNPAAGL	HLA-B27:05	KCNQ2	ENST00000629518	2	0.915756739130368	non_MDT_or_unannotated_neoepitope_candidate
RRNPAAGL	HLA-B27:05	KCNQ2	ENST00000630648	2	0.915756739130368	non_MDT_or_unannotated_neoepitope_candidate
DINFKEVL	HLA-B08:01	SBNO2	ENST00000631948	2	0.91971247826086	non_MDT_or_unannotated_neoepitope_candidate
DINFKEVL	HLA-B08:01	SBNO2	ENST00000622719	2	0.91971247826086	non_MDT_or_unannotated_neoepitope_candidate
DINFKEVL	HLA-B08:01	SBNO2	ENST00000634172	2	0.91971247826086	non_MDT_or_unannotated_neoepitope_candidate
DINFKEVL	HLA-B08:01	SBNO2	ENST00000612198	2	0.91971247826086	non_MDT_or_unannotated_neoepitope_candidate
RRFASIVA	HLA-B27:05	SBNO2	ENST00000631948	2	0.923297739130352	non_MDT_or_unannotated_neoepitope_candidate
RRFASIVA	HLA-B27:05	SBNO2	ENST00000622719	2	0.923297739130352	non_MDT_or_unannotated_neoepitope_candidate
RRFASIVA	HLA-B27:05	SBNO2	ENST00000634172	2	0.923297739130352	non_MDT_or_unannotated_neoepitope_candidate
RRFASIVA	HLA-B27:05	SBNO2	ENST00000612198	2	0.923297739130352	non_MDT_or_unannotated_neoepitope_candidate
IEATGIAV	HLA-B40:01	SBNO2	ENST00000631948	2	0.931227478260799	non_MDT_or_unannotated_neoepitope_candidate
IEATGIAV	HLA-B40:01	SBNO2	ENST00000622719	2	0.931227478260799	non_MDT_or_unannotated_neoepitope_candidate
IEATGIAV	HLA-B40:01	SBNO2	ENST00000634172	2	0.931227478260799	non_MDT_or_unannotated_neoepitope_candidate
IEATGIAV	HLA-B40:01	SBNO2	ENST00000612198	2	0.931227478260799	non_MDT_or_unannotated_neoepitope_candidate
LEKIAKLY	HLA-B44:02	CTDP1	ENST00000632301	2	0.984038130434781	non_MDT_or_unannotated_neoepitope_candidate
LEKIAKLY	HLA-B44:02	CTDP1	ENST00000632932	2	0.984038130434781	non_MDT_or_unannotated_neoepitope_candidate
LEKIAKLY	HLA-B44:02	CTDP1	ENST00000632450	2	0.984038130434781	non_MDT_or_unannotated_neoepitope_candidate
LPDQQPCI	HLA-B51:01	CYFIP1	ENST00000625276	2	0.987335826086922	non_MDT_or_unannotated_neoepitope_candidate
LPDQQPCI	HLA-B51:01	CYFIP1	ENST00000628954	2	0.987335826086922	non_MDT_or_unannotated_neoepitope_candidate
LPDQQPCI	HLA-B51:01	CYFIP1	ENST00000628747	2	0.987335826086922	non_MDT_or_unannotated_neoepitope_candidate
LPDQQPCI	HLA-B51:01	CYFIP1	ENST00000630158	2	0.987335826086922	non_MDT_or_unannotated_neoepitope_candidate
LPDQQPCI	HLA-B51:01	CYFIP1	ENST00000627816	2	0.987335826086922	non_MDT_or_unannotated_neoepitope_candidate
LPDQQPCI	HLA-B51:01	CYFIP1	ENST00000671714	2	0.987335826086922	non_MDT_or_unannotated_neoepitope_candidate
LPDQQPCI	HLA-B51:01	CYFIP1	ENST00000672091	2	0.987335826086922	non_MDT_or_unannotated_neoepitope_candidate
LPDQQPCI	HLA-B51:01	CYFIP2	ENST00000616178	2	0.987335826086922	non_MDT_or_unannotated_neoepitope_candidate
LPDQQPCI	HLA-B51:01	CYFIP2	ENST00000522463	2	0.987335826086922	non_MDT_or_unannotated_neoepitope_candidate
LPDQQPCI	HLA-B51:01	CYFIP2	ENST00000435847	2	0.987335826086922	non_MDT_or_unannotated_neoepitope_candidate
LPDQQPCI	HLA-B51:01	CYFIP2	ENST00000522637	2	0.987335826086922	non_MDT_or_unannotated_neoepitope_candidate
LPDQQPCI	HLA-B51:01	CYFIP2	ENST00000521420	2	0.987335826086922	non_MDT_or_unannotated_neoepitope_candidate
LPDQQPCI	HLA-B51:01	CYFIP2	ENST00000617629	2	0.987335826086922	non_MDT_or_unannotated_neoepitope_candidate
LPDQQPCI	HLA-B51:01	CYFIP2	ENST00000611075	2	0.987335826086922	non_MDT_or_unannotated_neoepitope_candidate
LPDQQPCI	HLA-B51:01	CYFIP2	ENST00000611925	2	0.987335826086922	non_MDT_or_unannotated_neoepitope_candidate
LPDQQPCI	HLA-B51:01	CYFIP2	ENST00000618329	2	0.987335826086922	non_MDT_or_unannotated_neoepitope_candidate
LPDQQPCI	HLA-B51:01	CYFIP2	ENST00000621516	2	0.987335826086922	non_MDT_or_unannotated_neoepitope_candidate
NLREKQRF	HLA-B08:01	SBNO2	ENST00000631948	2	1.00794576086952	non_MDT_or_unannotated_neoepitope_candidate
NLREKQRF	HLA-B08:01	SBNO2	ENST00000622719	2	1.00794576086952	non_MDT_or_unannotated_neoepitope_candidate
NLREKQRF	HLA-B08:01	SBNO2	ENST00000634172	2	1.00794576086952	non_MDT_or_unannotated_neoepitope_candidate
NLREKQRF	HLA-B08:01	SBNO2	ENST00000612198	2	1.00794576086952	non_MDT_or_unannotated_neoepitope_candidate
LADQIFAY	HLA-B35:01	CYFIP1	ENST00000625276	2	1.01003128260864	non_MDT_or_unannotated_neoepitope_candidate
LADQIFAY	HLA-B35:01	CYFIP1	ENST00000628954	2	1.01003128260864	non_MDT_or_unannotated_neoepitope_candidate
LADQIFAY	HLA-B35:01	CYFIP1	ENST00000671714	2	1.01003128260864	non_MDT_or_unannotated_neoepitope_candidate
LADQIFAY	HLA-B35:01	CYFIP1	ENST00000672091	2	1.01003128260864	non_MDT_or_unannotated_neoepitope_candidate
LADQIFAY	HLA-B35:01	CYFIP2	ENST00000616178	2	1.01003128260864	non_MDT_or_unannotated_neoepitope_candidate
LADQIFAY	HLA-B35:01	CYFIP2	ENST00000522463	2	1.01003128260864	non_MDT_or_unannotated_neoepitope_candidate
LADQIFAY	HLA-B35:01	CYFIP2	ENST00000435847	2	1.01003128260864	non_MDT_or_unannotated_neoepitope_candidate
LADQIFAY	HLA-B35:01	CYFIP2	ENST00000521420	2	1.01003128260864	non_MDT_or_unannotated_neoepitope_candidate
LADQIFAY	HLA-B35:01	CYFIP2	ENST00000618329	2	1.01003128260864	non_MDT_or_unannotated_neoepitope_candidate
GEVLDLTY	HLA-B44:02	SBNO2	ENST00000631948	2	1.01232963043472	non_MDT_or_unannotated_neoepitope_candidate
GEVLDLTY	HLA-B44:02	SBNO2	ENST00000622719	2	1.01232963043472	non_MDT_or_unannotated_neoepitope_candidate
GEVLDLTY	HLA-B44:02	SBNO2	ENST00000634172	2	1.01232963043472	non_MDT_or_unannotated_neoepitope_candidate
GEVLDLTY	HLA-B44:02	SBNO2	ENST00000612198	2	1.01232963043472	non_MDT_or_unannotated_neoepitope_candidate
EAFLPFSA	HLA-B51:01	CYP2D6	ENST00000607853	2	1.01720399999994	non_MDT_or_unannotated_neoepitope_candidate
EAFLPFSA	HLA-B51:01	CYP2D6	ENST00000619390	2	1.01720399999994	non_MDT_or_unannotated_neoepitope_candidate
EAFLPFSA	HLA-B51:01	CYP2D7	ENST00000617651	2	1.01720399999994	non_MDT_or_unannotated_neoepitope_candidate
EAFLPFSA	HLA-B51:01	CYP2D7	ENST00000616376	2	1.01720399999994	non_MDT_or_unannotated_neoepitope_candidate
EAFLPFSA	HLA-B51:01	CYP2D7	ENST00000614621	2	1.01720399999994	non_MDT_or_unannotated_neoepitope_candidate
EAFLPFSA	HLA-B51:01	CYP2D7	ENST00000619036	2	1.01720399999994	non_MDT_or_unannotated_neoepitope_candidate
EAFLPFSA	HLA-B51:01	CYP2D7	ENST00000635668	2	1.01720399999994	non_MDT_or_unannotated_neoepitope_candidate
EAFLPFSA	HLA-B51:01	CYP2D7	ENST00000635135	2	1.01720399999994	non_MDT_or_unannotated_neoepitope_candidate
EAFLPFSA	HLA-B51:01		ENST00000607223	2	1.01720399999994	non_MDT_or_unannotated_neoepitope_candidate
EAFLPFSA	HLA-B51:01		ENST00000606649	2	1.01720399999994	non_MDT_or_unannotated_neoepitope_candidate
EAFLPFSA	HLA-B51:01	CYP2D6	ENST00000615454	2	1.01720399999994	non_MDT_or_unannotated_neoepitope_candidate
EAFLPFSA	HLA-B51:01	CYP2D6	ENST00000612990	2	1.01720399999994	non_MDT_or_unannotated_neoepitope_candidate
EAFLPFSA	HLA-B51:01	CYP2D6	ENST00000643124	2	1.01720399999994	non_MDT_or_unannotated_neoepitope_candidate
EAFLPFSA	HLA-B51:01	CYP2D6	ENST00000625898	2	1.01720399999994	non_MDT_or_unannotated_neoepitope_candidate
EAFLPFSA	HLA-B51:01	CYP2D6	ENST00000629640	2	1.01720399999994	non_MDT_or_unannotated_neoepitope_candidate
EAFLPFSA	HLA-B51:01		ENST00000634748	2	1.01720399999994	non_MDT_or_unannotated_neoepitope_candidate
EAFLPFSA	HLA-B51:01		ENST00000643476	2	1.01720399999994	non_MDT_or_unannotated_neoepitope_candidate
EAFLPFSA	HLA-B51:01	CYP2D6	ENST00000647083	2	1.01720399999994	non_MDT_or_unannotated_neoepitope_candidate
EAFLPFSA	HLA-B51:01	CYP2D6	ENST00000635028	2	1.01720399999994	non_MDT_or_unannotated_neoepitope_candidate
EAFLPFSA	HLA-B51:01	CYP2D6	ENST00000634653	2	1.01720399999994	non_MDT_or_unannotated_neoepitope_candidate
EAFLPFSA	HLA-B51:01	CYP2D6	ENST00000646114	2	1.01720399999994	non_MDT_or_unannotated_neoepitope_candidate
EAFLPFSA	HLA-B51:01	CYP2D6	ENST00000636361	2	1.01720399999994	non_MDT_or_unannotated_neoepitope_candidate
EAFLPFSA	HLA-B51:01	CYP2D6	ENST00000637987	2	1.01720399999994	non_MDT_or_unannotated_neoepitope_candidate
EAFLPFSA	HLA-B51:01		ENST00000637440	2	1.01720399999994	non_MDT_or_unannotated_neoepitope_candidate
EAFLPFSA	HLA-B51:01		ENST00000643363	2	1.01720399999994	non_MDT_or_unannotated_neoepitope_candidate
LQLEAITY	HLA-B15:01	SBNO2	ENST00000631948	2	1.01723504347825	non_MDT_or_unannotated_neoepitope_candidate
LQLEAITY	HLA-B15:01	SBNO2	ENST00000622719	2	1.01723504347825	non_MDT_or_unannotated_neoepitope_candidate
LQLEAITY	HLA-B15:01	SBNO2	ENST00000634172	2	1.01723504347825	non_MDT_or_unannotated_neoepitope_candidate
LQLEAITY	HLA-B15:01	SBNO2	ENST00000612198	2	1.01723504347825	non_MDT_or_unannotated_neoepitope_candidate
GRLKFARK	HLA-B27:05	KCNQ2	ENST00000629338	2	1.02062899999994	non_MDT_or_unannotated_neoepitope_candidate
GRLKFARK	HLA-B27:05	KCNQ2	ENST00000628790	2	1.02062899999994	non_MDT_or_unannotated_neoepitope_candidate
GRLKFARK	HLA-B27:05	KCNQ2	ENST00000628544	2	1.02062899999994	non_MDT_or_unannotated_neoepitope_candidate
GRLKFARK	HLA-B27:05	KCNQ2	ENST00000627948	2	1.02062899999994	non_MDT_or_unannotated_neoepitope_candidate
GRLKFARK	HLA-B27:05	KCNQ2	ENST00000627416	2	1.02062899999994	non_MDT_or_unannotated_neoepitope_candidate
GRLKFARK	HLA-B27:05	KCNQ2	ENST00000626723	2	1.02062899999994	non_MDT_or_unannotated_neoepitope_candidate
GRLKFARK	HLA-B27:05	KCNQ2	ENST00000629641	2	1.02062899999994	non_MDT_or_unannotated_neoepitope_candidate
GRLKFARK	HLA-B27:05	KCNQ2	ENST00000626962	2	1.02062899999994	non_MDT_or_unannotated_neoepitope_candidate
GRLKFARK	HLA-B27:05	KCNQ2	ENST00000629518	2	1.02062899999994	non_MDT_or_unannotated_neoepitope_candidate
GRLKFARK	HLA-B27:05	KCNQ2	ENST00000630648	2	1.02062899999994	non_MDT_or_unannotated_neoepitope_candidate
GRLKFARK	HLA-B27:05	KCNQ3	ENST00000639496	2	1.02062899999994	non_MDT_or_unannotated_neoepitope_candidate
GRLKFARK	HLA-B27:05	KCNQ3	ENST00000521134	2	1.02062899999994	non_MDT_or_unannotated_neoepitope_candidate
GRLKFARK	HLA-B27:05	KCNQ3	ENST00000519445	2	1.02062899999994	non_MDT_or_unannotated_neoepitope_candidate
GRLKFARK	HLA-B27:05	KCNQ3	ENST00000638588	2	1.02062899999994	non_MDT_or_unannotated_neoepitope_candidate
FPGAQAPL	HLA-B51:01	SBNO2	ENST00000631948	2	1.0245668913043	non_MDT_or_unannotated_neoepitope_candidate
FPGAQAPL	HLA-B51:01	SBNO2	ENST00000622719	2	1.0245668913043	non_MDT_or_unannotated_neoepitope_candidate
FPGAQAPL	HLA-B51:01	SBNO2	ENST00000634172	2	1.0245668913043	non_MDT_or_unannotated_neoepitope_candidate
FPGAQAPL	HLA-B51:01	SBNO2	ENST00000612198	2	1.0245668913043	non_MDT_or_unannotated_neoepitope_candidate
LAPGIEEI	HLA-B51:01	SBNO2	ENST00000631948	2	1.03635895652168	non_MDT_or_unannotated_neoepitope_candidate
LAPGIEEI	HLA-B51:01	SBNO2	ENST00000622719	2	1.03635895652168	non_MDT_or_unannotated_neoepitope_candidate
LAPGIEEI	HLA-B51:01	SBNO2	ENST00000634172	2	1.03635895652168	non_MDT_or_unannotated_neoepitope_candidate
LAPGIEEI	HLA-B51:01	SBNO2	ENST00000612198	2	1.03635895652168	non_MDT_or_unannotated_neoepitope_candidate
KEVLEDML	HLA-B40:01	SBNO2	ENST00000631948	2	1.04111541304344	non_MDT_or_unannotated_neoepitope_candidate
KEVLEDML	HLA-B40:01	SBNO2	ENST00000622719	2	1.04111541304344	non_MDT_or_unannotated_neoepitope_candidate
KEVLEDML	HLA-B40:01	SBNO2	ENST00000634172	2	1.04111541304344	non_MDT_or_unannotated_neoepitope_candidate
KEVLEDML	HLA-B40:01	SBNO2	ENST00000612198	2	1.04111541304344	non_MDT_or_unannotated_neoepitope_candidate
GRITLHVF	HLA-B27:05	CYFIP1	ENST00000625276	2	1.0425104782608	non_MDT_or_unannotated_neoepitope_candidate
GRITLHVF	HLA-B27:05	CYFIP1	ENST00000628954	2	1.0425104782608	non_MDT_or_unannotated_neoepitope_candidate
GRITLHVF	HLA-B27:05	CYFIP1	ENST00000671714	2	1.0425104782608	non_MDT_or_unannotated_neoepitope_candidate
GRITLHVF	HLA-B27:05	CYFIP1	ENST00000672091	2	1.0425104782608	non_MDT_or_unannotated_neoepitope_candidate
GRITLHVF	HLA-B27:05	CYFIP2	ENST00000616178	2	1.0425104782608	non_MDT_or_unannotated_neoepitope_candidate
GRITLHVF	HLA-B27:05	CYFIP2	ENST00000522463	2	1.0425104782608	non_MDT_or_unannotated_neoepitope_candidate
GRITLHVF	HLA-B27:05	CYFIP2	ENST00000435847	2	1.0425104782608	non_MDT_or_unannotated_neoepitope_candidate
GRITLHVF	HLA-B27:05	CYFIP2	ENST00000521420	2	1.0425104782608	non_MDT_or_unannotated_neoepitope_candidate
GRITLHVF	HLA-B27:05	CYFIP2	ENST00000618329	2	1.0425104782608	non_MDT_or_unannotated_neoepitope_candidate
MEVYSWKL	HLA-B40:01	CYFIP1	ENST00000625276	2	1.04300113043474	non_MDT_or_unannotated_neoepitope_candidate
MEVYSWKL	HLA-B40:01	CYFIP1	ENST00000628954	2	1.04300113043474	non_MDT_or_unannotated_neoepitope_candidate
MEVYSWKL	HLA-B40:01	CYFIP1	ENST00000671714	2	1.04300113043474	non_MDT_or_unannotated_neoepitope_candidate
MEVYSWKL	HLA-B40:01	CYFIP1	ENST00000672091	2	1.04300113043474	non_MDT_or_unannotated_neoepitope_candidate
MEVYSWKL	HLA-B40:01	CYFIP2	ENST00000616178	2	1.04300113043474	non_MDT_or_unannotated_neoepitope_candidate
MEVYSWKL	HLA-B40:01	CYFIP2	ENST00000522463	2	1.04300113043474	non_MDT_or_unannotated_neoepitope_candidate
MEVYSWKL	HLA-B40:01	CYFIP2	ENST00000435847	2	1.04300113043474	non_MDT_or_unannotated_neoepitope_candidate
MEVYSWKL	HLA-B40:01	CYFIP2	ENST00000521420	2	1.04300113043474	non_MDT_or_unannotated_neoepitope_candidate
MEVYSWKL	HLA-B40:01	CYFIP2	ENST00000618329	2	1.04300113043474	non_MDT_or_unannotated_neoepitope_candidate
YPGGVPTF	HLA-B51:01	SBNO2	ENST00000631948	2	1.05053119565213	non_MDT_or_unannotated_neoepitope_candidate
YPGGVPTF	HLA-B51:01	SBNO2	ENST00000622719	2	1.05053119565213	non_MDT_or_unannotated_neoepitope_candidate
YPGGVPTF	HLA-B51:01	SBNO2	ENST00000634172	2	1.05053119565213	non_MDT_or_unannotated_neoepitope_candidate
YPGGVPTF	HLA-B51:01	SBNO2	ENST00000612198	2	1.05053119565213	non_MDT_or_unannotated_neoepitope_candidate
AAKVRRLV	HLA-B08:01	SBNO2	ENST00000631948	2	1.09661199999996	non_MDT_or_unannotated_neoepitope_candidate
AAKVRRLV	HLA-B08:01	SBNO2	ENST00000622719	2	1.09661199999996	non_MDT_or_unannotated_neoepitope_candidate
AAKVRRLV	HLA-B08:01	SBNO2	ENST00000634172	2	1.09661199999996	non_MDT_or_unannotated_neoepitope_candidate
AAKVRRLV	HLA-B08:01	SBNO2	ENST00000612198	2	1.09661199999996	non_MDT_or_unannotated_neoepitope_candidate
SALQLEAI	HLA-B51:01	SBNO2	ENST00000631948	2	1.1124001956521	non_MDT_or_unannotated_neoepitope_candidate
SALQLEAI	HLA-B51:01	SBNO2	ENST00000622719	2	1.1124001956521	non_MDT_or_unannotated_neoepitope_candidate
SALQLEAI	HLA-B51:01	SBNO2	ENST00000634172	2	1.1124001956521	non_MDT_or_unannotated_neoepitope_candidate
SALQLEAI	HLA-B51:01	SBNO2	ENST00000612198	2	1.1124001956521	non_MDT_or_unannotated_neoepitope_candidate
RRRAPATK	HLA-B27:05	KCNQ2	ENST00000630648	2	1.15614426086952	non_MDT_or_unannotated_neoepitope_candidate
KPFCVIDI	HLA-B51:01	KCNQ2	ENST00000629338	2	1.18556354347821	non_MDT_or_unannotated_neoepitope_candidate
KPFCVIDI	HLA-B51:01	KCNQ2	ENST00000628790	2	1.18556354347821	non_MDT_or_unannotated_neoepitope_candidate
KPFCVIDI	HLA-B51:01	KCNQ2	ENST00000628544	2	1.18556354347821	non_MDT_or_unannotated_neoepitope_candidate
KPFCVIDI	HLA-B51:01	KCNQ2	ENST00000627948	2	1.18556354347821	non_MDT_or_unannotated_neoepitope_candidate
KPFCVIDI	HLA-B51:01	KCNQ2	ENST00000627416	2	1.18556354347821	non_MDT_or_unannotated_neoepitope_candidate
KPFCVIDI	HLA-B51:01	KCNQ2	ENST00000626723	2	1.18556354347821	non_MDT_or_unannotated_neoepitope_candidate
KPFCVIDI	HLA-B51:01	KCNQ2	ENST00000629641	2	1.18556354347821	non_MDT_or_unannotated_neoepitope_candidate
KPFCVIDI	HLA-B51:01	KCNQ2	ENST00000626962	2	1.18556354347821	non_MDT_or_unannotated_neoepitope_candidate
KPFCVIDI	HLA-B51:01	KCNQ2	ENST00000629518	2	1.18556354347821	non_MDT_or_unannotated_neoepitope_candidate
KPFCVIDI	HLA-B51:01	KCNQ2	ENST00000630648	2	1.18556354347821	non_MDT_or_unannotated_neoepitope_candidate
HQRFFKYL	HLA-B08:01	SBNO2	ENST00000631948	2	1.20170521739126	non_MDT_or_unannotated_neoepitope_candidate
HQRFFKYL	HLA-B08:01	SBNO2	ENST00000622719	2	1.20170521739126	non_MDT_or_unannotated_neoepitope_candidate
HQRFFKYL	HLA-B08:01	SBNO2	ENST00000634172	2	1.20170521739126	non_MDT_or_unannotated_neoepitope_candidate
HQRFFKYL	HLA-B08:01	SBNO2	ENST00000612198	2	1.20170521739126	non_MDT_or_unannotated_neoepitope_candidate
FQYFSDTF	HLA-B15:01	SBNO2	ENST00000631948	2	1.20426269565212	non_MDT_or_unannotated_neoepitope_candidate
FQYFSDTF	HLA-B15:01	SBNO2	ENST00000622719	2	1.20426269565212	non_MDT_or_unannotated_neoepitope_candidate
FQYFSDTF	HLA-B15:01	SBNO2	ENST00000634172	2	1.20426269565212	non_MDT_or_unannotated_neoepitope_candidate
FQYFSDTF	HLA-B15:01	SBNO2	ENST00000612198	2	1.20426269565212	non_MDT_or_unannotated_neoepitope_candidate
SAHVMEVY	HLA-B35:01	CYFIP1	ENST00000625276	2	1.21865441304344	non_MDT_or_unannotated_neoepitope_candidate
SAHVMEVY	HLA-B35:01	CYFIP1	ENST00000628954	2	1.21865441304344	non_MDT_or_unannotated_neoepitope_candidate
SAHVMEVY	HLA-B35:01	CYFIP1	ENST00000671714	2	1.21865441304344	non_MDT_or_unannotated_neoepitope_candidate
SAHVMEVY	HLA-B35:01	CYFIP1	ENST00000672091	2	1.21865441304344	non_MDT_or_unannotated_neoepitope_candidate
SAHVMEVY	HLA-B35:01	CYFIP2	ENST00000616178	2	1.21865441304344	non_MDT_or_unannotated_neoepitope_candidate
SAHVMEVY	HLA-B35:01	CYFIP2	ENST00000522463	2	1.21865441304344	non_MDT_or_unannotated_neoepitope_candidate
SAHVMEVY	HLA-B35:01	CYFIP2	ENST00000435847	2	1.21865441304344	non_MDT_or_unannotated_neoepitope_candidate
SAHVMEVY	HLA-B35:01	CYFIP2	ENST00000521420	2	1.21865441304344	non_MDT_or_unannotated_neoepitope_candidate
SAHVMEVY	HLA-B35:01	CYFIP2	ENST00000618329	2	1.21865441304344	non_MDT_or_unannotated_neoepitope_candidate
TESQNSEL	HLA-B40:01	CTDP1	ENST00000632301	2	1.23103119565212	non_MDT_or_unannotated_neoepitope_candidate
TESQNSEL	HLA-B40:01	CTDP1	ENST00000632932	2	1.23103119565212	non_MDT_or_unannotated_neoepitope_candidate
TESQNSEL	HLA-B40:01	CTDP1	ENST00000632450	2	1.23103119565212	non_MDT_or_unannotated_neoepitope_candidate
EVHKQNAL	HLA-B08:01	SBNO2	ENST00000631948	2	1.2371051086956	non_MDT_or_unannotated_neoepitope_candidate
EVHKQNAL	HLA-B08:01	SBNO2	ENST00000622719	2	1.2371051086956	non_MDT_or_unannotated_neoepitope_candidate
EVHKQNAL	HLA-B08:01	SBNO2	ENST00000634172	2	1.2371051086956	non_MDT_or_unannotated_neoepitope_candidate
EVHKQNAL	HLA-B08:01	SBNO2	ENST00000612198	2	1.2371051086956	non_MDT_or_unannotated_neoepitope_candidate
FLEKIAKL	HLA-B08:01	CTDP1	ENST00000632301	2	1.23869819565212	non_MDT_or_unannotated_neoepitope_candidate
FLEKIAKL	HLA-B08:01	CTDP1	ENST00000632932	2	1.23869819565212	non_MDT_or_unannotated_neoepitope_candidate
FLEKIAKL	HLA-B08:01	CTDP1	ENST00000632450	2	1.23869819565212	non_MDT_or_unannotated_neoepitope_candidate
FEEFLHAI	HLA-B40:01	SBNO2	ENST00000631948	2	1.23911563043474	non_MDT_or_unannotated_neoepitope_candidate
FEEFLHAI	HLA-B40:01	SBNO2	ENST00000622719	2	1.23911563043474	non_MDT_or_unannotated_neoepitope_candidate
FEEFLHAI	HLA-B40:01	SBNO2	ENST00000634172	2	1.23911563043474	non_MDT_or_unannotated_neoepitope_candidate
FEEFLHAI	HLA-B40:01	SBNO2	ENST00000612198	2	1.23911563043474	non_MDT_or_unannotated_neoepitope_candidate
EPMLHTRL	HLA-B51:01	CTDP1	ENST00000632301	2	1.2409781956521	non_MDT_or_unannotated_neoepitope_candidate
EPMLHTRL	HLA-B51:01	CTDP1	ENST00000632932	2	1.2409781956521	non_MDT_or_unannotated_neoepitope_candidate
EPMLHTRL	HLA-B51:01	CTDP1	ENST00000632450	2	1.2409781956521	non_MDT_or_unannotated_neoepitope_candidate
GEKLVAII	HLA-B40:01	SBNO2	ENST00000631948	2	1.25068299999994	non_MDT_or_unannotated_neoepitope_candidate
GEKLVAII	HLA-B40:01	SBNO2	ENST00000622719	2	1.25068299999994	non_MDT_or_unannotated_neoepitope_candidate
GEKLVAII	HLA-B40:01	SBNO2	ENST00000634172	2	1.25068299999994	non_MDT_or_unannotated_neoepitope_candidate
GEKLVAII	HLA-B40:01	SBNO2	ENST00000612198	2	1.25068299999994	non_MDT_or_unannotated_neoepitope_candidate
KRAAQFLR	HLA-B27:05	CYFIP1	ENST00000625276	2	1.25761360869562	non_MDT_or_unannotated_neoepitope_candidate
KRAAQFLR	HLA-B27:05	CYFIP1	ENST00000628954	2	1.25761360869562	non_MDT_or_unannotated_neoepitope_candidate
KRAAQFLR	HLA-B27:05	CYFIP1	ENST00000671714	2	1.25761360869562	non_MDT_or_unannotated_neoepitope_candidate
KRAAQFLR	HLA-B27:05	CYFIP1	ENST00000672091	2	1.25761360869562	non_MDT_or_unannotated_neoepitope_candidate
KRAAQFLR	HLA-B27:05	CYFIP2	ENST00000616178	2	1.25761360869562	non_MDT_or_unannotated_neoepitope_candidate
KRAAQFLR	HLA-B27:05	CYFIP2	ENST00000521420	2	1.25761360869562	non_MDT_or_unannotated_neoepitope_candidate
KRAAQFLR	HLA-B27:05	CYFIP2	ENST00000617629	2	1.25761360869562	non_MDT_or_unannotated_neoepitope_candidate
KRAAQFLR	HLA-B27:05	CYFIP2	ENST00000611925	2	1.25761360869562	non_MDT_or_unannotated_neoepitope_candidate
KRAAQFLR	HLA-B27:05	CYFIP2	ENST00000618329	2	1.25761360869562	non_MDT_or_unannotated_neoepitope_candidate
NRYETLLK	HLA-B27:05	CYFIP1	ENST00000625276	2	1.25875484782603	non_MDT_or_unannotated_neoepitope_candidate
NRYETLLK	HLA-B27:05	CYFIP1	ENST00000628954	2	1.25875484782603	non_MDT_or_unannotated_neoepitope_candidate
NRYETLLK	HLA-B27:05	CYFIP1	ENST00000671714	2	1.25875484782603	non_MDT_or_unannotated_neoepitope_candidate
NRYETLLK	HLA-B27:05	CYFIP1	ENST00000672091	2	1.25875484782603	non_MDT_or_unannotated_neoepitope_candidate
NRYETLLK	HLA-B27:05	CYFIP2	ENST00000616178	2	1.25875484782603	non_MDT_or_unannotated_neoepitope_candidate
NRYETLLK	HLA-B27:05	CYFIP2	ENST00000522463	2	1.25875484782603	non_MDT_or_unannotated_neoepitope_candidate
NRYETLLK	HLA-B27:05	CYFIP2	ENST00000435847	2	1.25875484782603	non_MDT_or_unannotated_neoepitope_candidate
NRYETLLK	HLA-B27:05	CYFIP2	ENST00000521420	2	1.25875484782603	non_MDT_or_unannotated_neoepitope_candidate
NRYETLLK	HLA-B27:05	CYFIP2	ENST00000618329	2	1.25875484782603	non_MDT_or_unannotated_neoepitope_candidate
KLFSHRIL	HLA-B08:01	CTDP1	ENST00000632301	2	1.27488278260865	non_MDT_or_unannotated_neoepitope_candidate
KLFSHRIL	HLA-B08:01	CTDP1	ENST00000632932	2	1.27488278260865	non_MDT_or_unannotated_neoepitope_candidate
KLFSHRIL	HLA-B08:01	CTDP1	ENST00000632450	2	1.27488278260865	non_MDT_or_unannotated_neoepitope_candidate
VPPPDITY	HLA-B35:01	SBNO2	ENST00000631948	2	1.3114440434782	non_MDT_or_unannotated_neoepitope_candidate
VPPPDITY	HLA-B35:01	SBNO2	ENST00000622719	2	1.3114440434782	non_MDT_or_unannotated_neoepitope_candidate
VPPPDITY	HLA-B35:01	SBNO2	ENST00000634172	2	1.3114440434782	non_MDT_or_unannotated_neoepitope_candidate
VPPPDITY	HLA-B35:01	SBNO2	ENST00000612198	2	1.3114440434782	non_MDT_or_unannotated_neoepitope_candidate
ALFHPMPV	HLA-A02:01	CTDP1	ENST00000632301	2	1.32170654347822	non_MDT_or_unannotated_neoepitope_candidate
ALFHPMPV	HLA-A02:01	CTDP1	ENST00000632932	2	1.32170654347822	non_MDT_or_unannotated_neoepitope_candidate
ALFHPMPV	HLA-A02:01	CTDP1	ENST00000632450	2	1.32170654347822	non_MDT_or_unannotated_neoepitope_candidate
SMMEYVLY	HLA-B15:01	CYFIP1	ENST00000625276	2	1.32599219565214	non_MDT_or_unannotated_neoepitope_candidate
SMMEYVLY	HLA-B15:01	CYFIP1	ENST00000628954	2	1.32599219565214	non_MDT_or_unannotated_neoepitope_candidate
SMMEYVLY	HLA-B15:01	CYFIP1	ENST00000671714	2	1.32599219565214	non_MDT_or_unannotated_neoepitope_candidate
SMMEYVLY	HLA-B15:01	CYFIP1	ENST00000672091	2	1.32599219565214	non_MDT_or_unannotated_neoepitope_candidate
SMMEYVLY	HLA-B15:01	CYFIP2	ENST00000616178	2	1.32599219565214	non_MDT_or_unannotated_neoepitope_candidate
SMMEYVLY	HLA-B15:01	CYFIP2	ENST00000522463	2	1.32599219565214	non_MDT_or_unannotated_neoepitope_candidate
SMMEYVLY	HLA-B15:01	CYFIP2	ENST00000435847	2	1.32599219565214	non_MDT_or_unannotated_neoepitope_candidate
SMMEYVLY	HLA-B15:01	CYFIP2	ENST00000521420	2	1.32599219565214	non_MDT_or_unannotated_neoepitope_candidate
SMMEYVLY	HLA-B15:01	CYFIP2	ENST00000618329	2	1.32599219565214	non_MDT_or_unannotated_neoepitope_candidate
KQNALFQY	HLA-B15:01	SBNO2	ENST00000631948	2	1.32727791304343	non_MDT_or_unannotated_neoepitope_candidate
KQNALFQY	HLA-B15:01	SBNO2	ENST00000622719	2	1.32727791304343	non_MDT_or_unannotated_neoepitope_candidate
KQNALFQY	HLA-B15:01	SBNO2	ENST00000634172	2	1.32727791304343	non_MDT_or_unannotated_neoepitope_candidate
KQNALFQY	HLA-B15:01	SBNO2	ENST00000612198	2	1.32727791304343	non_MDT_or_unannotated_neoepitope_candidate
LHCVLTTI	HLA-B38:01	SBNO2	ENST00000631948	2	1.33798786956516	non_MDT_or_unannotated_neoepitope_candidate
LHCVLTTI	HLA-B38:01	SBNO2	ENST00000622719	2	1.33798786956516	non_MDT_or_unannotated_neoepitope_candidate
LHCVLTTI	HLA-B38:01	SBNO2	ENST00000634172	2	1.33798786956516	non_MDT_or_unannotated_neoepitope_candidate
LHCVLTTI	HLA-B38:01	SBNO2	ENST00000612198	2	1.33798786956516	non_MDT_or_unannotated_neoepitope_candidate
RPHCKDFL	HLA-B08:01	CTDP1	ENST00000632301	2	1.34076836956518	non_MDT_or_unannotated_neoepitope_candidate
RPHCKDFL	HLA-B08:01	CTDP1	ENST00000632932	2	1.34076836956518	non_MDT_or_unannotated_neoepitope_candidate
RPHCKDFL	HLA-B08:01	CTDP1	ENST00000632450	2	1.34076836956518	non_MDT_or_unannotated_neoepitope_candidate
LPSHSTPL	HLA-B51:01	SBNO2	ENST00000631948	2	1.3421891086956	non_MDT_or_unannotated_neoepitope_candidate
LPSHSTPL	HLA-B51:01	SBNO2	ENST00000622719	2	1.3421891086956	non_MDT_or_unannotated_neoepitope_candidate
LPSHSTPL	HLA-B51:01	SBNO2	ENST00000634172	2	1.3421891086956	non_MDT_or_unannotated_neoepitope_candidate
LPSHSTPL	HLA-B51:01	SBNO2	ENST00000612198	2	1.3421891086956	non_MDT_or_unannotated_neoepitope_candidate
LYMVRTML	HLA-A24:02	CYFIP1	ENST00000625276	2	1.34295254347822	non_MDT_or_unannotated_neoepitope_candidate
LYMVRTML	HLA-A24:02	CYFIP1	ENST00000628954	2	1.34295254347822	non_MDT_or_unannotated_neoepitope_candidate
LYMVRTML	HLA-A24:02	CYFIP1	ENST00000671714	2	1.34295254347822	non_MDT_or_unannotated_neoepitope_candidate
LYMVRTML	HLA-A24:02	CYFIP1	ENST00000672091	2	1.34295254347822	non_MDT_or_unannotated_neoepitope_candidate
LYMVRTML	HLA-A24:02	CYFIP2	ENST00000616178	2	1.34295254347822	non_MDT_or_unannotated_neoepitope_candidate
LYMVRTML	HLA-A24:02	CYFIP2	ENST00000522463	2	1.34295254347822	non_MDT_or_unannotated_neoepitope_candidate
LYMVRTML	HLA-A24:02	CYFIP2	ENST00000435847	2	1.34295254347822	non_MDT_or_unannotated_neoepitope_candidate
LYMVRTML	HLA-A24:02	CYFIP2	ENST00000521420	2	1.34295254347822	non_MDT_or_unannotated_neoepitope_candidate
LYMVRTML	HLA-A24:02	CYFIP2	ENST00000618329	2	1.34295254347822	non_MDT_or_unannotated_neoepitope_candidate
LYMVRTML	HLA-A24:02	CYFIP2	ENST00000520960	2	1.34295254347822	non_MDT_or_unannotated_neoepitope_candidate
CEKCGKAF	HLA-B44:02	ZNF43	ENST00000624335	2	1.35826663043474	non_MDT_or_unannotated_neoepitope_candidate
CEKCGKAF	HLA-B44:02	ZNF43	ENST00000623359	2	1.35826663043474	non_MDT_or_unannotated_neoepitope_candidate
CEKCGKAF	HLA-B44:02	ZNF43	ENST00000624732	2	1.35826663043474	non_MDT_or_unannotated_neoepitope_candidate
CEKCGKAF	HLA-B44:02	ZNF43	ENST00000623648	2	1.35826663043474	non_MDT_or_unannotated_neoepitope_candidate
CEKCGKAF	HLA-B44:02	ZNF85	ENST00000615320	2	1.35826663043474	non_MDT_or_unannotated_neoepitope_candidate
CEKCGKAF	HLA-B44:02	ZNF85	ENST00000615320	2	1.35826663043474	non_MDT_or_unannotated_neoepitope_candidate
CEKCGKAF	HLA-B44:02	ZNF85	ENST00000613159	2	1.35826663043474	non_MDT_or_unannotated_neoepitope_candidate
CEKCGKAF	HLA-B44:02	ZNF85	ENST00000613159	2	1.35826663043474	non_MDT_or_unannotated_neoepitope_candidate
CEKCGKAF	HLA-B44:02	ZNF85	ENST00000612293	2	1.35826663043474	non_MDT_or_unannotated_neoepitope_candidate
CEKCGKAF	HLA-B44:02	ZNF85	ENST00000612293	2	1.35826663043474	non_MDT_or_unannotated_neoepitope_candidate
CEKCGKAF	HLA-B44:02	ZNF595	ENST00000609518	2	1.35826663043474	non_MDT_or_unannotated_neoepitope_candidate
CEKCGKAF	HLA-B44:02	ZNF595	ENST00000609518	2	1.35826663043474	non_MDT_or_unannotated_neoepitope_candidate
CEKCGKAF	HLA-B44:02	ZNF92	ENST00000357512	2	1.35826663043474	non_MDT_or_unannotated_neoepitope_candidate
CEKCGKAF	HLA-B44:02	ZNF222	ENST00000187879	2	1.35826663043474	non_MDT_or_unannotated_neoepitope_candidate
CEKCGKAF	HLA-B44:02	ZNF43	ENST00000594012	2	1.35826663043474	non_MDT_or_unannotated_neoepitope_candidate
CEKCGKAF	HLA-B44:02	ZNF43	ENST00000594012	2	1.35826663043474	non_MDT_or_unannotated_neoepitope_candidate
CEKCGKAF	HLA-B44:02	ZNF43	ENST00000595461	2	1.35826663043474	non_MDT_or_unannotated_neoepitope_candidate
CEKCGKAF	HLA-B44:02	ZNF43	ENST00000595461	2	1.35826663043474	non_MDT_or_unannotated_neoepitope_candidate
CEKCGKAF	HLA-B44:02	ZNF43	ENST00000598381	2	1.35826663043474	non_MDT_or_unannotated_neoepitope_candidate
CEKCGKAF	HLA-B44:02	ZNF43	ENST00000598381	2	1.35826663043474	non_MDT_or_unannotated_neoepitope_candidate
CEKCGKAF	HLA-B44:02	ZNF43	ENST00000357491	2	1.35826663043474	non_MDT_or_unannotated_neoepitope_candidate
CEKCGKAF	HLA-B44:02	ZNF43	ENST00000357491	2	1.35826663043474	non_MDT_or_unannotated_neoepitope_candidate
SQLWFREF	HLA-B15:01	CYFIP1	ENST00000625276	2	1.38069554347821	non_MDT_or_unannotated_neoepitope_candidate
SQLWFREF	HLA-B15:01	CYFIP1	ENST00000628954	2	1.38069554347821	non_MDT_or_unannotated_neoepitope_candidate
SQLWFREF	HLA-B15:01	CYFIP1	ENST00000626546	2	1.38069554347821	non_MDT_or_unannotated_neoepitope_candidate
SQLWFREF	HLA-B15:01	CYFIP1	ENST00000671714	2	1.38069554347821	non_MDT_or_unannotated_neoepitope_candidate
SQLWFREF	HLA-B15:01	CYFIP1	ENST00000672091	2	1.38069554347821	non_MDT_or_unannotated_neoepitope_candidate
SQLWFREF	HLA-B15:01	CYFIP2	ENST00000616178	2	1.38069554347821	non_MDT_or_unannotated_neoepitope_candidate
SQLWFREF	HLA-B15:01	CYFIP2	ENST00000522463	2	1.38069554347821	non_MDT_or_unannotated_neoepitope_candidate
SQLWFREF	HLA-B15:01	CYFIP2	ENST00000435847	2	1.38069554347821	non_MDT_or_unannotated_neoepitope_candidate
SQLWFREF	HLA-B15:01	CYFIP2	ENST00000521420	2	1.38069554347821	non_MDT_or_unannotated_neoepitope_candidate
SQLWFREF	HLA-B15:01	CYFIP2	ENST00000618329	2	1.38069554347821	non_MDT_or_unannotated_neoepitope_candidate
FPGAQAPL	HLA-B35:01	SBNO2	ENST00000631948	2	1.39977930434778	non_MDT_or_unannotated_neoepitope_candidate
FPGAQAPL	HLA-B35:01	SBNO2	ENST00000622719	2	1.39977930434778	non_MDT_or_unannotated_neoepitope_candidate
FPGAQAPL	HLA-B35:01	SBNO2	ENST00000634172	2	1.39977930434778	non_MDT_or_unannotated_neoepitope_candidate
FPGAQAPL	HLA-B35:01	SBNO2	ENST00000612198	2	1.39977930434778	non_MDT_or_unannotated_neoepitope_candidate
KVRRLVEL	HLA-B08:01	SBNO2	ENST00000631948	2	1.40802597826084	non_MDT_or_unannotated_neoepitope_candidate
KVRRLVEL	HLA-B08:01	SBNO2	ENST00000622719	2	1.40802597826084	non_MDT_or_unannotated_neoepitope_candidate
KVRRLVEL	HLA-B08:01	SBNO2	ENST00000634172	2	1.40802597826084	non_MDT_or_unannotated_neoepitope_candidate
KVRRLVEL	HLA-B08:01	SBNO2	ENST00000612198	2	1.40802597826084	non_MDT_or_unannotated_neoepitope_candidate
GRLLAATF	HLA-B27:05	KCNQ2	ENST00000628732	2	1.408700673913	non_MDT_or_unannotated_neoepitope_candidate
GRLLAATF	HLA-B27:05	KCNQ2	ENST00000629338	2	1.408700673913	non_MDT_or_unannotated_neoepitope_candidate
GRLLAATF	HLA-B27:05	KCNQ2	ENST00000628790	2	1.408700673913	non_MDT_or_unannotated_neoepitope_candidate
GRLLAATF	HLA-B27:05	KCNQ2	ENST00000628544	2	1.408700673913	non_MDT_or_unannotated_neoepitope_candidate
GRLLAATF	HLA-B27:05	KCNQ2	ENST00000627948	2	1.408700673913	non_MDT_or_unannotated_neoepitope_candidate
GRLLAATF	HLA-B27:05	KCNQ2	ENST00000627416	2	1.408700673913	non_MDT_or_unannotated_neoepitope_candidate
GRLLAATF	HLA-B27:05	KCNQ2	ENST00000626723	2	1.408700673913	non_MDT_or_unannotated_neoepitope_candidate
GRLLAATF	HLA-B27:05	KCNQ2	ENST00000629641	2	1.408700673913	non_MDT_or_unannotated_neoepitope_candidate
GRLLAATF	HLA-B27:05	KCNQ2	ENST00000626962	2	1.408700673913	non_MDT_or_unannotated_neoepitope_candidate
GRLLAATF	HLA-B27:05	KCNQ2	ENST00000629518	2	1.408700673913	non_MDT_or_unannotated_neoepitope_candidate
GRLLAATF	HLA-B27:05	KCNQ2	ENST00000630648	2	1.408700673913	non_MDT_or_unannotated_neoepitope_candidate
RPDGTVAF	HLA-B35:01	SBNO2	ENST00000631948	2	1.42372954347822	non_MDT_or_unannotated_neoepitope_candidate
RPDGTVAF	HLA-B35:01	SBNO2	ENST00000622719	2	1.42372954347822	non_MDT_or_unannotated_neoepitope_candidate
RPDGTVAF	HLA-B35:01	SBNO2	ENST00000634172	2	1.42372954347822	non_MDT_or_unannotated_neoepitope_candidate
RPDGTVAF	HLA-B35:01	SBNO2	ENST00000612198	2	1.42372954347822	non_MDT_or_unannotated_neoepitope_candidate
YIKTSAHY	HLA-B15:01	CYFIP1	ENST00000625276	2	1.43426519565214	non_MDT_or_unannotated_neoepitope_candidate
YIKTSAHY	HLA-B15:01	CYFIP1	ENST00000628954	2	1.43426519565214	non_MDT_or_unannotated_neoepitope_candidate
YIKTSAHY	HLA-B15:01	CYFIP1	ENST00000671714	2	1.43426519565214	non_MDT_or_unannotated_neoepitope_candidate
YIKTSAHY	HLA-B15:01	CYFIP1	ENST00000672091	2	1.43426519565214	non_MDT_or_unannotated_neoepitope_candidate
YIKTSAHY	HLA-B15:01	CYFIP2	ENST00000616178	2	1.43426519565214	non_MDT_or_unannotated_neoepitope_candidate
YIKTSAHY	HLA-B15:01	CYFIP2	ENST00000522463	2	1.43426519565214	non_MDT_or_unannotated_neoepitope_candidate
YIKTSAHY	HLA-B15:01	CYFIP2	ENST00000435847	2	1.43426519565214	non_MDT_or_unannotated_neoepitope_candidate
YIKTSAHY	HLA-B15:01	CYFIP2	ENST00000521420	2	1.43426519565214	non_MDT_or_unannotated_neoepitope_candidate
YIKTSAHY	HLA-B15:01	CYFIP2	ENST00000618329	2	1.43426519565214	non_MDT_or_unannotated_neoepitope_candidate
LEPEVTKL	HLA-B40:01	CYFIP1	ENST00000625276	2	1.43502252173907	non_MDT_or_unannotated_neoepitope_candidate
LEPEVTKL	HLA-B40:01	CYFIP1	ENST00000628954	2	1.43502252173907	non_MDT_or_unannotated_neoepitope_candidate
LEPEVTKL	HLA-B40:01	CYFIP1	ENST00000628747	2	1.43502252173907	non_MDT_or_unannotated_neoepitope_candidate
LEPEVTKL	HLA-B40:01	CYFIP1	ENST00000630158	2	1.43502252173907	non_MDT_or_unannotated_neoepitope_candidate
LEPEVTKL	HLA-B40:01	CYFIP1	ENST00000671714	2	1.43502252173907	non_MDT_or_unannotated_neoepitope_candidate
LEPEVTKL	HLA-B40:01	CYFIP1	ENST00000672091	2	1.43502252173907	non_MDT_or_unannotated_neoepitope_candidate
LEPEVTKL	HLA-B40:01	CYFIP2	ENST00000616178	2	1.43502252173907	non_MDT_or_unannotated_neoepitope_candidate
LEPEVTKL	HLA-B40:01	CYFIP2	ENST00000435847	2	1.43502252173907	non_MDT_or_unannotated_neoepitope_candidate
LEPEVTKL	HLA-B40:01	CYFIP2	ENST00000521420	2	1.43502252173907	non_MDT_or_unannotated_neoepitope_candidate
LEPEVTKL	HLA-B40:01	CYFIP2	ENST00000617629	2	1.43502252173907	non_MDT_or_unannotated_neoepitope_candidate
LEPEVTKL	HLA-B40:01	CYFIP2	ENST00000611075	2	1.43502252173907	non_MDT_or_unannotated_neoepitope_candidate
LEPEVTKL	HLA-B40:01	CYFIP2	ENST00000611925	2	1.43502252173907	non_MDT_or_unannotated_neoepitope_candidate
LEPEVTKL	HLA-B40:01	CYFIP2	ENST00000618329	2	1.43502252173907	non_MDT_or_unannotated_neoepitope_candidate
YILEIVTI	HLA-B51:01	KCNQ2	ENST00000629338	2	1.43902721739127	non_MDT_or_unannotated_neoepitope_candidate
YILEIVTI	HLA-B51:01	KCNQ2	ENST00000628790	2	1.43902721739127	non_MDT_or_unannotated_neoepitope_candidate
YILEIVTI	HLA-B51:01	KCNQ2	ENST00000628544	2	1.43902721739127	non_MDT_or_unannotated_neoepitope_candidate
YILEIVTI	HLA-B51:01	KCNQ2	ENST00000627948	2	1.43902721739127	non_MDT_or_unannotated_neoepitope_candidate
YILEIVTI	HLA-B51:01	KCNQ2	ENST00000627416	2	1.43902721739127	non_MDT_or_unannotated_neoepitope_candidate
YILEIVTI	HLA-B51:01	KCNQ2	ENST00000626723	2	1.43902721739127	non_MDT_or_unannotated_neoepitope_candidate
YILEIVTI	HLA-B51:01	KCNQ2	ENST00000629641	2	1.43902721739127	non_MDT_or_unannotated_neoepitope_candidate
YILEIVTI	HLA-B51:01	KCNQ2	ENST00000626962	2	1.43902721739127	non_MDT_or_unannotated_neoepitope_candidate
YILEIVTI	HLA-B51:01	KCNQ2	ENST00000629518	2	1.43902721739127	non_MDT_or_unannotated_neoepitope_candidate
YILEIVTI	HLA-B51:01	KCNQ2	ENST00000630648	2	1.43902721739127	non_MDT_or_unannotated_neoepitope_candidate
HPQDGQVV	HLA-B51:01	SBNO2	ENST00000631948	2	1.44858808695648	non_MDT_or_unannotated_neoepitope_candidate
HPQDGQVV	HLA-B51:01	SBNO2	ENST00000622719	2	1.44858808695648	non_MDT_or_unannotated_neoepitope_candidate
HPQDGQVV	HLA-B51:01	SBNO2	ENST00000634172	2	1.44858808695648	non_MDT_or_unannotated_neoepitope_candidate
HPQDGQVV	HLA-B51:01	SBNO2	ENST00000612198	2	1.44858808695648	non_MDT_or_unannotated_neoepitope_candidate
LPSHSTPL	HLA-B35:01	SBNO2	ENST00000631948	2	1.45908667391299	non_MDT_or_unannotated_neoepitope_candidate
LPSHSTPL	HLA-B35:01	SBNO2	ENST00000622719	2	1.45908667391299	non_MDT_or_unannotated_neoepitope_candidate
LPSHSTPL	HLA-B35:01	SBNO2	ENST00000634172	2	1.45908667391299	non_MDT_or_unannotated_neoepitope_candidate
LPSHSTPL	HLA-B35:01	SBNO2	ENST00000612198	2	1.45908667391299	non_MDT_or_unannotated_neoepitope_candidate
VYNRAALL	HLA-A24:02	SBNO2	ENST00000631948	2	1.48370978260866	non_MDT_or_unannotated_neoepitope_candidate
VYNRAALL	HLA-A24:02	SBNO2	ENST00000622719	2	1.48370978260866	non_MDT_or_unannotated_neoepitope_candidate
VYNRAALL	HLA-A24:02	SBNO2	ENST00000634172	2	1.48370978260866	non_MDT_or_unannotated_neoepitope_candidate
VYNRAALL	HLA-A24:02	SBNO2	ENST00000612198	2	1.48370978260866	non_MDT_or_unannotated_neoepitope_candidate
SEGALYIL	HLA-B44:02	KCNQ2	ENST00000629338	2	1.49036521739126	non_MDT_or_unannotated_neoepitope_candidate
SEGALYIL	HLA-B44:02	KCNQ2	ENST00000628790	2	1.49036521739126	non_MDT_or_unannotated_neoepitope_candidate
SEGALYIL	HLA-B44:02	KCNQ2	ENST00000628544	2	1.49036521739126	non_MDT_or_unannotated_neoepitope_candidate
SEGALYIL	HLA-B44:02	KCNQ2	ENST00000627948	2	1.49036521739126	non_MDT_or_unannotated_neoepitope_candidate
SEGALYIL	HLA-B44:02	KCNQ2	ENST00000627416	2	1.49036521739126	non_MDT_or_unannotated_neoepitope_candidate
SEGALYIL	HLA-B44:02	KCNQ2	ENST00000626723	2	1.49036521739126	non_MDT_or_unannotated_neoepitope_candidate
SEGALYIL	HLA-B44:02	KCNQ2	ENST00000629641	2	1.49036521739126	non_MDT_or_unannotated_neoepitope_candidate
SEGALYIL	HLA-B44:02	KCNQ2	ENST00000626962	2	1.49036521739126	non_MDT_or_unannotated_neoepitope_candidate
SEGALYIL	HLA-B44:02	KCNQ2	ENST00000629518	2	1.49036521739126	non_MDT_or_unannotated_neoepitope_candidate
SEGALYIL	HLA-B44:02	KCNQ2	ENST00000630648	2	1.49036521739126	non_MDT_or_unannotated_neoepitope_candidate
APAFECVY	HLA-B35:01	SBNO2	ENST00000631948	2	1.53708349999996	non_MDT_or_unannotated_neoepitope_candidate
APAFECVY	HLA-B35:01	SBNO2	ENST00000622719	2	1.53708349999996	non_MDT_or_unannotated_neoepitope_candidate
APAFECVY	HLA-B35:01	SBNO2	ENST00000634172	2	1.53708349999996	non_MDT_or_unannotated_neoepitope_candidate
APAFECVY	HLA-B35:01	SBNO2	ENST00000612198	2	1.53708349999996	non_MDT_or_unannotated_neoepitope_candidate
AFPPPPHF	HLA-A24:02	SBNO2	ENST00000631948	2	1.5590301304347	non_MDT_or_unannotated_neoepitope_candidate
AFPPPPHF	HLA-A24:02	SBNO2	ENST00000622719	2	1.5590301304347	non_MDT_or_unannotated_neoepitope_candidate
AFPPPPHF	HLA-A24:02	SBNO2	ENST00000634172	2	1.5590301304347	non_MDT_or_unannotated_neoepitope_candidate
AFPPPPHF	HLA-A24:02	SBNO2	ENST00000612198	2	1.5590301304347	non_MDT_or_unannotated_neoepitope_candidate
LPCGPGEV	HLA-B51:01	SBNO2	ENST00000631948	2	1.6401759565217	non_MDT_or_unannotated_neoepitope_candidate
LPCGPGEV	HLA-B51:01	SBNO2	ENST00000622719	2	1.6401759565217	non_MDT_or_unannotated_neoepitope_candidate
LPCGPGEV	HLA-B51:01	SBNO2	ENST00000634172	2	1.6401759565217	non_MDT_or_unannotated_neoepitope_candidate
LPCGPGEV	HLA-B51:01	SBNO2	ENST00000612198	2	1.6401759565217	non_MDT_or_unannotated_neoepitope_candidate
LSFSGVTF	HLA-B15:01	SBNO2	ENST00000631948	2	1.67206863043475	non_MDT_or_unannotated_neoepitope_candidate
LSFSGVTF	HLA-B15:01	SBNO2	ENST00000622719	2	1.67206863043475	non_MDT_or_unannotated_neoepitope_candidate
LSFSGVTF	HLA-B15:01	SBNO2	ENST00000634172	2	1.67206863043475	non_MDT_or_unannotated_neoepitope_candidate
LSFSGVTF	HLA-B15:01	SBNO2	ENST00000612198	2	1.67206863043475	non_MDT_or_unannotated_neoepitope_candidate
SYLQIVRL	HLA-A24:02	SBNO2	ENST00000631948	2	1.6819009565217	non_MDT_or_unannotated_neoepitope_candidate
SYLQIVRL	HLA-A24:02	SBNO2	ENST00000622719	2	1.6819009565217	non_MDT_or_unannotated_neoepitope_candidate
SYLQIVRL	HLA-A24:02	SBNO2	ENST00000634172	2	1.6819009565217	non_MDT_or_unannotated_neoepitope_candidate
SYLQIVRL	HLA-A24:02	SBNO2	ENST00000612198	2	1.6819009565217	non_MDT_or_unannotated_neoepitope_candidate
FLNRILGL	HLA-A02:01	SBNO2	ENST00000631948	2	1.683724673913	non_MDT_or_unannotated_neoepitope_candidate
FLNRILGL	HLA-A02:01	SBNO2	ENST00000622719	2	1.683724673913	non_MDT_or_unannotated_neoepitope_candidate
FLNRILGL	HLA-A02:01	SBNO2	ENST00000634172	2	1.683724673913	non_MDT_or_unannotated_neoepitope_candidate
FLNRILGL	HLA-A02:01	SBNO2	ENST00000612198	2	1.683724673913	non_MDT_or_unannotated_neoepitope_candidate
RRVQNQRR	HLA-B27:05	SBNO2	ENST00000631948	2	1.71509863043474	non_MDT_or_unannotated_neoepitope_candidate
RRVQNQRR	HLA-B27:05	SBNO2	ENST00000622719	2	1.71509863043474	non_MDT_or_unannotated_neoepitope_candidate
RRVQNQRR	HLA-B27:05	SBNO2	ENST00000634172	2	1.71509863043474	non_MDT_or_unannotated_neoepitope_candidate
RRVQNQRR	HLA-B27:05	SBNO2	ENST00000612198	2	1.71509863043474	non_MDT_or_unannotated_neoepitope_candidate
MPWILTDH	HLA-B35:01	CYFIP1	ENST00000625276	2	1.75198228260866	non_MDT_or_unannotated_neoepitope_candidate
MPWILTDH	HLA-B35:01	CYFIP1	ENST00000628954	2	1.75198228260866	non_MDT_or_unannotated_neoepitope_candidate
MPWILTDH	HLA-B35:01	CYFIP1	ENST00000671714	2	1.75198228260866	non_MDT_or_unannotated_neoepitope_candidate
MPWILTDH	HLA-B35:01	CYFIP1	ENST00000672091	2	1.75198228260866	non_MDT_or_unannotated_neoepitope_candidate
MPWILTDH	HLA-B35:01	CYFIP2	ENST00000616178	2	1.75198228260866	non_MDT_or_unannotated_neoepitope_candidate
MPWILTDH	HLA-B35:01	CYFIP2	ENST00000522463	2	1.75198228260866	non_MDT_or_unannotated_neoepitope_candidate
MPWILTDH	HLA-B35:01	CYFIP2	ENST00000435847	2	1.75198228260866	non_MDT_or_unannotated_neoepitope_candidate
MPWILTDH	HLA-B35:01	CYFIP2	ENST00000521420	2	1.75198228260866	non_MDT_or_unannotated_neoepitope_candidate
MPWILTDH	HLA-B35:01	CYFIP2	ENST00000618329	2	1.75198228260866	non_MDT_or_unannotated_neoepitope_candidate
KVPKSWSF	HLA-A24:02	KCNQ2	ENST00000630933	2	1.82579654347822	non_MDT_or_unannotated_neoepitope_candidate
KVPKSWSF	HLA-A24:02	KCNQ2	ENST00000628732	2	1.82579654347822	non_MDT_or_unannotated_neoepitope_candidate
KVPKSWSF	HLA-A24:02	KCNQ2	ENST00000629338	2	1.82579654347822	non_MDT_or_unannotated_neoepitope_candidate
KVPKSWSF	HLA-A24:02	KCNQ2	ENST00000628790	2	1.82579654347822	non_MDT_or_unannotated_neoepitope_candidate
KVPKSWSF	HLA-A24:02	KCNQ2	ENST00000628544	2	1.82579654347822	non_MDT_or_unannotated_neoepitope_candidate
KVPKSWSF	HLA-A24:02	KCNQ2	ENST00000627948	2	1.82579654347822	non_MDT_or_unannotated_neoepitope_candidate
KVPKSWSF	HLA-A24:02	KCNQ2	ENST00000627416	2	1.82579654347822	non_MDT_or_unannotated_neoepitope_candidate
KVPKSWSF	HLA-A24:02	KCNQ2	ENST00000626723	2	1.82579654347822	non_MDT_or_unannotated_neoepitope_candidate
KVPKSWSF	HLA-A24:02	KCNQ2	ENST00000629641	2	1.82579654347822	non_MDT_or_unannotated_neoepitope_candidate
KVPKSWSF	HLA-A24:02	KCNQ2	ENST00000626962	2	1.82579654347822	non_MDT_or_unannotated_neoepitope_candidate
KVPKSWSF	HLA-A24:02	KCNQ2	ENST00000629518	2	1.82579654347822	non_MDT_or_unannotated_neoepitope_candidate
PAPRPLAL	HLA-B08:01	SBNO2	ENST00000631948	2	1.82645241304344	non_MDT_or_unannotated_neoepitope_candidate
PAPRPLAL	HLA-B08:01	SBNO2	ENST00000622719	2	1.82645241304344	non_MDT_or_unannotated_neoepitope_candidate
PAPRPLAL	HLA-B08:01	SBNO2	ENST00000634172	2	1.82645241304344	non_MDT_or_unannotated_neoepitope_candidate
PAPRPLAL	HLA-B08:01	SBNO2	ENST00000612198	2	1.82645241304344	non_MDT_or_unannotated_neoepitope_candidate
EPSPSQKV	HLA-B51:01	KCNQ2	ENST00000628732	2	1.84746847826084	non_MDT_or_unannotated_neoepitope_candidate
EPSPSQKV	HLA-B51:01	KCNQ2	ENST00000628790	2	1.84746847826084	non_MDT_or_unannotated_neoepitope_candidate
EPSPSQKV	HLA-B51:01	KCNQ2	ENST00000628544	2	1.84746847826084	non_MDT_or_unannotated_neoepitope_candidate
EPSPSQKV	HLA-B51:01	KCNQ2	ENST00000626723	2	1.84746847826084	non_MDT_or_unannotated_neoepitope_candidate
EPSPSQKV	HLA-B51:01	KCNQ2	ENST00000629641	2	1.84746847826084	non_MDT_or_unannotated_neoepitope_candidate
EPSPSQKV	HLA-B51:01	KCNQ2	ENST00000629518	2	1.84746847826084	non_MDT_or_unannotated_neoepitope_candidate
SRLYAHTI	HLA-B27:05	CTDP1	ENST00000632301	2	1.9220862391304	non_MDT_or_unannotated_neoepitope_candidate
SRLYAHTI	HLA-B27:05	CTDP1	ENST00000632932	2	1.9220862391304	non_MDT_or_unannotated_neoepitope_candidate
SRLYAHTI	HLA-B27:05	CTDP1	ENST00000632450	2	1.9220862391304	non_MDT_or_unannotated_neoepitope_candidate
